pid	SNPID	CHR	POS	REF	ALT	BETA	SE	P
10:100344764	rs735877	10	100344764	C	T	0.0277	0.0147	0.05968
10:100353892	rs11190483	10	100353892	C	T	0.0401	0.015	0.007497
10:102135182	rs4919611	10	102135182	C	A	-0.0227	0.0303	0.4537
10:102907649	rs4532960	10	102907649	C	T	-0.0258	0.0151	0.08739
10:102920221	rs2297786	10	102920221	C	T	-0.0258	0.0151	0.08685
10:112312914	rs11195887	10	112312914	T	G	0.0264	0.0296	0.3718
10:112405565	rs10885346	10	112405565	A	G	-0.0054	0.0149	0.7175
10:112927046	rs11196152	10	112927046	T	C	0.0247	0.0147	0.09361
10:113970222	rs151603	10	113970222	G	A	0.0014	0.0168	0.9357
10:114234054	rs1978224	10	114234054	C	T	-0.0118	0.0221	0.5935
10:114368021	rs10787526	10	114368021	G	A	0.0139	0.0158	0.3776
10:11850431	rs10906027	10	11850431	A	G	-0.0045	0.0182	0.8038
10:11867897	rs12261792	10	11867897	G	T	0.0034	0.0199	0.864
10:122888769	rs10902839	10	122888769	G	A	2e-04	0.015	0.9879
10:122933070	rs4980169	10	122933070	A	G	0.0102	0.0152	0.5015
10:13707228	rs11258541	10	13707228	G	A	-0.0203	0.0157	0.195
10:14525413	rs11259155	10	14525413	A	G	-0.0203	0.0156	0.1938
10:14535391	rs11259164	10	14535391	A	G	-0.0208	0.0156	0.1828
10:14560444	rs3740120	10	14560444	C	T	-0.0258	0.0157	0.09999
10:16806474	rs10904820	10	16806474	T	C	-5e-04	0.0148	0.9726
10:17150363	rs6602180	10	17150363	T	C	0.0157	0.0148	0.2868
10:17151347	rs3780962	10	17151347	A	G	-0.0163	0.0147	0.2655
10:24539815	rs7904181	10	24539815	T	G	-0.0092	0.0191	0.6275
10:24917625	rs7908585	10	24917625	C	T	-0.0065	0.0151	0.6683
10:24929314	rs10828725	10	24929314	G	T	-0.0069	0.0151	0.6456
10:26457539	rs3006835	10	26457539	T	C	-0.0056	0.0165	0.7329
10:27106173	rs1753415	10	27106173	T	C	0.0088	0.0272	0.7469
10:27153044	rs1775350	10	27153044	C	T	-0.0082	0.0272	0.7631
10:28686285	rs663378	10	28686285	G	A	-3e-04	0.0203	0.9868
10:30165304	rs2488034	10	30165304	A	G	0.0122	0.0165	0.4598
10:30215779	rs1571956	10	30215779	G	A	0.0096	0.0163	0.5554
10:32865982	rs881034	10	32865982	A	G	0.0113	0.0201	0.5746
10:43309169	rs2505521	10	43309169	C	T	-0.0058	0.0176	0.7412
10:44389511	rs2861442	10	44389511	T	C	0.0087	0.0161	0.5901
10:44900391	rs7909074	10	44900391	G	A	-0.0068	0.0147	0.6407
10:45458319	rs7908745	10	45458319	A	G	-0.0157	0.0153	0.3034
10:45459616	rs2279434	10	45459616	C	T	-0.0273	0.0257	0.2871
10:45467939	rs963029	10	45467939	C	T	-0.0126	0.0159	0.4273
10:49098341	rs10508911	10	49098341	C	T	-0.026	0.0207	0.2095
10:58587650	rs10763559	10	58587650	C	T	-0.0381	0.0148	0.00991
10:58591464	rs4948524	10	58591464	C	A	-0.0294	0.0147	0.04579
10:59885832	rs1184089	10	59885832	A	G	0.0186	0.0161	0.2479
10:59887596	rs1171820	10	59887596	A	G	0.0187	0.0161	0.246
10:6045332	rs1107345	10	6045332	G	T	0.0083	0.0165	0.6146
10:61961417	rs7090445	10	61961417	C	T	0.0268	0.0169	0.1136
10:62049768	rs10740059	10	62049768	G	A	-0.0161	0.0147	0.2718
10:63203689	rs4379723	10	63203689	T	C	0.0199	0.0147	0.1737
10:63374062	rs7923609	10	63374062	A	G	0.0188	0.0147	0.201
10:63447258	rs10509186	10	63447258	C	T	0.0189	0.0147	0.1987
10:63586540	rs16918645	10	63586540	A	G	0.033	0.0261	0.2069
10:69215483	rs5030933	10	69215483	T	C	0.0067	0.0175	0.7033
10:69340132	rs10159477	10	69340132	G	A	0.0068	0.026	0.7934
10:70831068	rs10823627	10	70831068	G	A	0.031	0.0156	0.0462
10:70864197	rs827251	10	70864197	A	G	-0.0202	0.0174	0.2448
10:71349416	rs780664	10	71349416	T	C	-0.0048	0.0179	0.7865
10:71350900	rs780665	10	71350900	C	T	-0.0056	0.0179	0.753
10:71351651	rs780668	10	71351651	C	T	0.0065	0.0167	0.6989
10:71354033	rs780675	10	71354033	C	T	0.0062	0.0167	0.7091
10:71760875	rs3747869	10	71760875	A	C	0.0114	0.0187	0.5441
10:78988432	rs11002769	10	78988432	T	C	0.0211	0.0177	0.2346
10:79023409	rs3802643	10	79023409	T	C	0.0166	0.0148	0.2602
10:79277472	rs1250539	10	79277472	G	A	-0.0209	0.0147	0.1545
10:8064539	rs570613	10	8064539	C	T	-0.0457	0.0149	0.002236
10:840319	rs13377166	10	840319	G	A	-0.0073	0.0194	0.7066
10:8438081	rs10905371	10	8438081	A	G	-0.0498	0.015	0.0008756
10:8442150	rs7096374	10	8442150	C	T	-0.0527	0.015	0.0004469
10:8549406	rs7894791	10	8549406	C	A	-0.0063	0.015	0.6752
10:855304	rs11253467	10	855304	A	G	-0.0066	0.0194	0.7329
10:88987412	rs4934434	10	88987412	C	A	0.0188	0.0149	0.208
10:89243170	rs1412444	10	89243170	C	T	-0.0016	0.0148	0.9141
10:8968661	rs827637	10	8968661	A	G	0.0569	0.0151	0.0001655
10:9020893	rs2197415	10	9020893	T	G	0.0836	0.0159	1.499e-07
10:92614620	rs10882091	10	92614620	C	T	2e-04	0.0149	0.99
10:92760912	rs10509646	10	92760912	C	T	0.0099	0.0147	0.5024
10:93079885	rs2068888	10	93079885	G	A	-0.0029	0.0146	0.8414
10:94274009	rs4918188	10	94274009	A	C	0.0195	0.0165	0.2371
10:94311804	rs2077218	10	94311804	G	A	0.0077	0.0198	0.6971
10:97311651	rs10786327	10	97311651	C	T	0.0088	0.0148	0.5537
10:99536106	rs888208	10	99536106	A	G	-0.0014	0.0151	0.9258
10:99562798	rs989978	10	99562798	A	G	0.0089	0.0157	0.5717
11:100585873	rs11224302	11	100585873	C	T	-0.0344	0.0268	0.1986
11:10213811	rs10500722	11	10213811	T	G	-0.0028	0.0158	0.8568
11:108221910	rs4987876	11	108221910	G	T	-0.0279	0.0338	0.4084
11:114110519	rs17116384	11	114110519	A	G	0.0108	0.0151	0.4745
11:116733008	rs12272004	11	116733008	C	A	0.0276	0.0288	0.3388
11:116751247	rs12292921	11	116751247	T	G	0.0279	0.0289	0.3345
11:118203622	rs1793174	11	118203622	A	G	0.0208	0.0165	0.2062
11:119270122	rs7946919	11	119270122	A	G	-0.0044	0.0159	0.7835
11:120466996	rs894839	11	120466996	A	G	-0.0334	0.0147	0.02356
11:122651667	rs7941030	11	122651667	T	C	0.0024	0.0151	0.8734
11:126326280	rs1695739	11	126326280	A	G	0.0263	0.0187	0.1596
11:126413890	rs2236653	11	126413890	C	T	4e-04	0.0153	0.9798
11:128044858	rs1317931	11	128044858	A	G	-0.0134	0.0161	0.403
11:128097459	rs10750389	11	128097459	C	T	-0.0156	0.016	0.329
11:128107544	rs1425861	11	128107544	C	T	-0.0143	0.016	0.3696
11:128316987	rs10893845	11	128316987	T	G	0.043	0.0149	0.003937
11:128465683	rs4937334	11	128465683	G	A	0.0162	0.0157	0.303
11:128740416	rs12281918	11	128740416	T	C	-0.0316	0.0221	0.1523
11:13309777	rs4757145	11	13309777	G	A	-0.0294	0.0146	0.04469
11:16297840	rs11023905	11	16297840	T	C	0.0174	0.0256	0.4985
11:16713944	rs11024021	11	16713944	G	A	-0.0373	0.0147	0.01123
11:16724133	rs1392997	11	16724133	G	A	-0.0376	0.0147	0.01052
11:19186294	rs13451	11	19186294	C	T	0.004	0.0237	0.8673
11:19218032	rs4757773	11	19218032	G	A	0.0157	0.0256	0.5392
11:2298783	rs16928078	11	2298783	C	T	0.0022	0.0202	0.9138
11:2299654	rs1501466	11	2299654	A	G	0.0029	0.0187	0.8767
11:264391	rs10794305	11	264391	C	T	0.0205	0.0151	0.1754
11:2673376	rs231359	11	2673376	C	A	-0.0236	0.0155	0.1277
11:272010	rs6598050	11	272010	G	A	-0.0235	0.0154	0.1275
11:2988410	rs4758621	11	2988410	A	G	-0.0325	0.0172	0.05872
11:33891243	rs11032440	11	33891243	C	T	0.0026	0.0147	0.8621
11:33892021	rs2273799	11	33892021	T	C	-0.0057	0.0148	0.6974
11:36066303	rs1499511	11	36066303	T	C	-0.0093	0.0152	0.5401
11:3888056	rs1869084	11	3888056	G	A	0.0123	0.0151	0.4123
11:4151943	rs2099875	11	4151943	A	C	0.0111	0.0147	0.452
11:44572256	rs1344709	11	44572256	C	T	0.0163	0.0147	0.2697
11:47786222	rs2290850	11	47786222	T	C	-0.0129	0.016	0.4204
11:47881331	rs12364432	11	47881331	G	A	-0.014	0.016	0.3832
11:491334	rs1044707	11	491334	A	C	-0.0275	0.0237	0.2452
11:5242916	rs2071348	11	5242916	T	G	-0.01	0.0169	0.5562
11:5606177	rs10500653	11	5606177	T	C	-0.0201	0.0187	0.2837
11:5679771	rs10838525	11	5679771	C	T	-0.0182	0.0148	0.2191
11:60194693	rs7926344	11	60194693	G	A	0.011	0.016	0.4946
11:60255614	rs1562990	11	60255614	C	A	-0.008	0.0162	0.6213
11:61785208	rs174537	11	61785208	G	T	-0.0294	0.0149	0.04831
11:61790331	rs102275	11	61790331	T	C	-0.0272	0.0149	0.06704
11:61802358	rs174546	11	61802358	C	T	-0.0268	0.0149	0.07156
11:61830500	rs1535	11	61830500	A	G	-0.028	0.0149	0.05987
11:61836038	rs174576	11	61836038	C	A	-0.0278	0.0149	0.06109
11:61860409	rs174611	11	61860409	T	C	-0.0153	0.0169	0.364
11:61887833	rs1000778	11	61887833	A	G	0.0266	0.0174	0.1258
11:64258672	rs2244625	11	64258672	G	A	0.021	0.0157	0.1799
11:65909045	rs653914	11	65909045	A	G	-0.0055	0.015	0.7153
11:76559639	rs7130588	11	76559639	A	G	0.0677	0.0163	3.185e-05
11:86004693	rs527162	11	86004693	C	T	0.0014	0.0191	0.9417
11:8794948	rs4929911	11	8794948	T	C	0.0065	0.0147	0.6604
11:8966276	rs2653570	11	8966276	A	G	-0.0029	0.0146	0.843
11:8989190	rs11042149	11	8989190	T	C	-0.0037	0.0146	0.7978
11:90195443	rs3740818	11	90195443	T	G	-0.0054	0.0147	0.7109
11:90216867	rs10830444	11	90216867	G	T	0.0064	0.0151	0.6714
11:90217310	rs11018918	11	90217310	C	T	-0.0084	0.0147	0.5688
11:90218342	rs10830446	11	90218342	G	A	-0.0083	0.0147	0.5707
11:90219845	rs10501713	11	90219845	G	A	-4e-04	0.0197	0.9845
11:95101707	rs646809	11	95101707	C	T	-0.0155	0.0175	0.3751
11:95153642	rs473213	11	95153642	T	C	0.0191	0.0151	0.2064
11:95593966	rs2254634	11	95593966	T	C	-0.0017	0.0171	0.9231
11:9755020	rs360140	11	9755020	C	A	0.0299	0.0171	0.08031
12:103916767	rs1866069	12	103916767	A	C	2e-04	0.0161	0.9884
12:103917953	rs10735390	12	103917953	A	G	-2e-04	0.0161	0.9904
12:10398942	rs12819494	12	10398942	C	T	0.0073	0.0202	0.72
12:10400668	rs728010	12	10400668	G	A	0.0074	0.0202	0.7159
12:108343254	rs17322627	12	108343254	T	C	-0.0079	0.0161	0.6253
12:108810035	rs4964759	12	108810035	G	A	-0.0016	0.0147	0.9123
12:109073339	rs7967182	12	109073339	T	C	0.013	0.0185	0.4818
12:110972733	rs991817	12	110972733	A	G	-0.0137	0.0148	0.3531
12:111269073	rs4766566	12	111269073	C	T	-0.0347	0.0171	0.04265
12:111300483	rs933305	12	111300483	G	A	-0.0263	0.0177	0.137
12:111634620	rs11065987	12	111634620	A	G	-0.0087	0.0151	0.5627
12:112172910	rs11066188	12	112172910	G	A	-0.0068	0.0151	0.6507
12:115115310	rs35441	12	115115310	C	T	-0.0233	0.0152	0.1253
12:116399700	rs6490067	12	116399700	G	T	-0.0261	0.0221	0.2377
12:117061055	rs7964686	12	117061055	C	T	-0.0015	0.0167	0.9279
12:118244946	rs428073	12	118244946	C	T	-0.0059	0.0159	0.7106
12:120472827	rs606443	12	120472827	C	A	0.0136	0.0159	0.3898
12:120509403	rs1710146	12	120509403	C	T	-0.0055	0.0159	0.73
12:120544814	rs12369178	12	120544814	C	T	-0.0049	0.0159	0.7563
12:120544897	rs11065157	12	120544897	G	A	-0.0049	0.0159	0.7563
12:120623400	rs4767919	12	120623400	A	G	0.019	0.0198	0.3364
12:120674626	rs11065202	12	120674626	T	C	-0.0137	0.0148	0.3537
12:121765774	rs10840615	12	121765774	C	T	0.0218	0.0147	0.1389
12:122479003	rs12369179	12	122479003	C	T	-0.0161	0.0264	0.542
12:123321672	rs1060105	12	123321672	C	T	-0.0582	0.018	0.001191
12:123650255	rs11572966	12	123650255	C	T	-0.0297	0.036	0.4092
12:12726636	rs34322	12	12726636	T	C	-0.0085	0.015	0.5682
12:2409186	rs4765929	12	2409186	T	C	-0.0248	0.0151	0.1013
12:26300350	rs718314	12	26300350	A	G	0.0176	0.0161	0.2751
12:26937617	rs2279351	12	26937617	A	C	0.0168	0.0227	0.4584
12:29099740	rs11050033	12	29099740	G	T	0.0025	0.0155	0.8737
12:29282742	rs1006409	12	29282742	A	G	0.0012	0.0147	0.9335
12:3121950	rs588513	12	3121950	G	A	-0.0237	0.0151	0.117
12:3122669	rs7966190	12	3122669	C	T	0.0272	0.017	0.11
12:3125971	rs7314280	12	3125971	C	A	0.0275	0.017	0.1073
12:31992066	rs4931005	12	31992066	A	G	-3e-04	0.0187	0.9883
12:32691772	rs7954206	12	32691772	A	G	-0.0168	0.0238	0.4785
12:32706823	rs10844309	12	32706823	C	T	-0.0203	0.0238	0.3938
12:4224753	rs11611647	12	4224753	T	C	0.0185	0.0178	0.3002
12:45959496	rs1012642	12	45959496	C	T	-0.0154	0.0146	0.2922
12:45981523	rs10880880	12	45981523	A	G	-0.0154	0.0146	0.2914
12:46573281	rs11836940	12	46573281	A	G	-0.0541	0.0284	0.05685
12:47784730	rs7972177	12	47784730	A	G	-0.0211	0.016	0.1878
12:47801668	rs2544030	12	47801668	G	A	-0.0259	0.0164	0.1143
12:48038153	rs765260	12	48038153	C	T	0.0247	0.0152	0.1029
12:48318084	rs1489110	12	48318084	T	G	-0.0195	0.0155	0.2072
12:49288193	rs4898502	12	49288193	C	T	-0.0047	0.0211	0.8227
12:50512622	rs10876044	12	50512622	C	T	-0.0068	0.0152	0.6517
12:50680416	rs12427378	12	50680416	T	C	-0.0013	0.0164	0.9359
12:50750649	rs4307773	12	50750649	T	C	-0.0099	0.015	0.5094
12:51288119	rs7954976	12	51288119	T	C	-0.003	0.0287	0.9178
12:51955304	rs11612312	12	51955304	T	C	-0.0048	0.0187	0.7959
12:52072421	rs10876231	12	52072421	G	A	4e-04	0.0186	0.983
12:53396666	rs7300593	12	53396666	T	C	-0.0062	0.0199	0.7549
12:54196315	rs2029166	12	54196315	C	T	0.0175	0.015	0.2433
12:54236733	rs4759348	12	54236733	C	T	-0.0127	0.0176	0.4689
12:54329244	rs6580981	12	54329244	G	A	-0.0189	0.0149	0.2041
12:54342686	rs4326844	12	54342686	A	G	-0.0255	0.0157	0.1049
12:54475695	rs10783629	12	54475695	C	T	-0.0068	0.0148	0.6462
12:54525672	rs1707488	12	54525672	C	T	0.0203	0.0177	0.2515
12:56594558	rs9368	12	56594558	C	A	0.0331	0.0155	0.03289
12:56725452	rs3214051	12	56725452	G	A	-0.0146	0.0159	0.3579
12:57095926	rs1059513	12	57095926	T	C	0.0172	0.0347	0.6201
12:57771302	rs10877013	12	57771302	C	T	-0.0077	0.0154	0.6153
12:6154653	rs11064058	12	6154653	C	A	0.0342	0.0149	0.02212
12:6164072	rs10849401	12	6164072	G	A	0.0354	0.0149	0.01769
12:6235434	rs2072372	12	6235434	C	A	0.0019	0.0146	0.8957
12:62355081	rs17717132	12	62355081	A	G	0.013	0.0305	0.6693
12:62423956	rs11612567	12	62423956	G	A	0.0129	0.0305	0.6723
12:628064	rs10849359	12	628064	G	A	-0.017	0.0205	0.4081
12:6338356	rs4149577	12	6338356	G	A	-0.0049	0.0148	0.7418
12:642142	rs1471132	12	642142	T	G	0.0323	0.0154	0.03562
12:64394307	rs10878167	12	64394307	G	A	-0.0112	0.0176	0.5263
12:64638744	rs11175485	12	64638744	T	G	0.0319	0.0266	0.2307
12:64648050	rs11175500	12	64648050	G	A	0.0317	0.0266	0.2329
12:6625147	rs2886271	12	6625147	C	T	0.0353	0.0202	0.08103
12:66338880	rs1168292	12	66338880	C	T	0.0053	0.0149	0.7214
12:66354884	rs1168358	12	66354884	A	G	0.0054	0.0149	0.7181
12:66365589	rs1168338	12	66365589	T	C	0.0102	0.0147	0.4866
12:69340861	rs2168029	12	69340861	A	C	-6e-04	0.0147	0.9674
12:77837600	rs7955529	12	77837600	A	C	-0.009	0.0168	0.5934
12:859323	rs2286006	12	859323	T	C	0.0023	0.0167	0.8888
12:860634	rs12816718	12	860634	G	T	0.0022	0.0167	0.8945
12:88417912	rs4842610	12	88417912	C	T	-0.0149	0.0149	0.3171
12:89463646	rs3958726	12	89463646	A	C	0.025	0.0159	0.1152
12:89615182	rs2681472	12	89615182	A	G	0.0362	0.0277	0.1902
12:92178653	rs709228	12	92178653	G	T	-0.0224	0.0162	0.1661
12:93328025	rs7976742	12	93328025	A	G	-0.0048	0.0152	0.7519
12:93397457	rs17790482	12	93397457	A	G	-0.0443	0.0213	0.03767
12:94200861	rs10859685	12	94200861	A	G	0.0083	0.0147	0.5719
12:95436562	rs159853	12	95436562	C	T	0.0157	0.0151	0.2991
13:108326695	rs1224174	13	108326695	T	C	-0.0123	0.0177	0.4873
13:108768108	rs9521020	13	108768108	C	A	0.0209	0.0147	0.1568
13:109369216	rs7983084	13	109369216	T	C	-0.0097	0.0152	0.5251
13:109797842	rs1414316	13	109797842	C	T	0.013	0.0156	0.4036
13:109836805	rs11618989	13	109836805	C	T	0.009	0.0287	0.7532
13:110161644	rs16975420	13	110161644	C	A	0.0034	0.0228	0.8817
13:112691793	rs423117	13	112691793	C	T	0.0241	0.0213	0.2572
13:112700723	rs914017	13	112700723	G	A	-0.0233	0.0213	0.2734
13:112704270	rs282578	13	112704270	T	C	-0.0207	0.0212	0.3275
13:113223173	rs2316442	13	113223173	C	T	0.0058	0.0165	0.7253
13:27905123	rs7989117	13	27905123	C	T	0.0255	0.0191	0.1828
13:27908517	rs9581941	13	27908517	T	C	0.0259	0.0191	0.176
13:28050157	rs1933437	13	28050157	G	A	-0.0067	0.015	0.6578
13:28648149	rs8002632	13	28648149	G	A	0.0169	0.0149	0.2556
13:28650071	rs7329410	13	28650071	G	A	0.0169	0.0149	0.2559
13:28655908	rs9551517	13	28655908	G	A	0.0118	0.0148	0.4237
13:32573411	rs7332115	13	32573411	T	G	0.0089	0.0148	0.5462
13:32610151	rs9595908	13	32610151	T	C	0.0089	0.0148	0.5484
13:37071478	rs1199984	13	37071478	G	A	0.012	0.0273	0.6605
13:37081714	rs1781660	13	37081714	T	G	0.0106	0.0267	0.6906
13:37092379	rs1937760	13	37092379	G	A	0.0124	0.0266	0.6418
13:39768420	rs12875311	13	39768420	G	A	-0.0315	0.0152	0.03844
13:39776775	rs7993214	13	39776775	T	C	0.0319	0.0152	0.03596
13:40428504	rs1892548	13	40428504	T	C	0.0169	0.0161	0.2922
13:40567095	rs2701859	13	40567095	T	C	0.0254	0.0162	0.1161
13:40605661	rs7986407	13	40605661	A	G	0.0165	0.0152	0.2789
13:40648973	rs1334241	13	40648973	C	T	0.0205	0.0172	0.2324
13:40885502	rs7320344	13	40885502	A	G	-0.0078	0.0173	0.6529
13:42415524	rs9594746	13	42415524	T	C	0.0262	0.0151	0.08332
13:46587425	rs6561321	13	46587425	C	A	-0.0028	0.0172	0.871
13:46637744	rs1467604	13	46637744	G	A	-0.0079	0.0172	0.6483
13:46640555	rs9316222	13	46640555	T	C	-0.0083	0.0172	0.6298
13:50811286	rs1570603	13	50811286	G	A	-0.0014	0.0148	0.9245
13:50816311	rs9526692	13	50816311	C	T	0.0022	0.0148	0.8809
13:50824330	rs7326839	13	50824330	C	T	-5e-04	0.0147	0.9731
13:52599452	rs9536184	13	52599452	G	A	0.0853	0.0357	0.01676
13:70639015	rs7987027	13	70639015	T	C	0.01	0.0147	0.4957
13:71768473	rs9572786	13	71768473	A	G	0.0149	0.0149	0.3194
13:74101436	rs2104388	13	74101436	T	C	0.0011	0.0167	0.9483
13:74130150	rs9600235	13	74130150	C	T	0.0348	0.0218	0.1093
13:75494340	rs961631	13	75494340	A	G	0.0504	0.0307	0.1006
13:75494789	rs4142591	13	75494789	C	T	0.0504	0.0307	0.1007
13:95244936	rs4148448	13	95244936	A	G	-3e-04	0.0275	0.991
13:99227242	rs7322572	13	99227242	C	T	0.0603	0.0147	4.031e-05
14:100705143	rs7156824	14	100705143	C	A	0.0077	0.0184	0.674
14:100722394	rs7155375	14	100722394	C	T	-0.0147	0.0148	0.319
14:102466110	rs4906205	14	102466110	T	C	0.0163	0.0147	0.2676
14:102634011	rs1190343	14	102634011	G	A	0.0105	0.0163	0.5173
14:102662440	rs7144340	14	102662440	G	T	-0.01	0.0163	0.5403
14:103380937	rs8020912	14	103380937	C	T	0.0059	0.015	0.6924
14:20954507	rs2771358	14	20954507	T	C	-0.0244	0.0179	0.1739
14:21097030	rs2319627	14	21097030	T	C	0.0159	0.0223	0.475
14:23025068	rs8013143	14	23025068	A	G	0.0014	0.016	0.9285
14:23025839	rs941718	14	23025839	T	C	0.0015	0.016	0.9235
14:23115056	rs10143875	14	23115056	T	C	-0.0047	0.0156	0.7628
14:23119848	rs2239633	14	23119848	G	A	-0.011	0.0147	0.4531
14:23254838	rs7150714	14	23254838	T	C	0.0025	0.0181	0.8906
14:25005243	rs6574126	14	25005243	T	G	-0.0104	0.0147	0.4809
14:30935947	rs7154605	14	30935947	A	G	0.0118	0.0165	0.4734
14:31083414	rs10483353	14	31083414	T	C	0.072	0.0332	0.02998
14:34138887	rs17438460	14	34138887	G	A	0.0183	0.0278	0.509
14:35415433	rs1012919	14	35415433	T	G	0.0026	0.0163	0.8757
14:37123176	rs7151191	14	37123176	C	T	0.0368	0.0172	0.03224
14:37271295	rs17106539	14	37271295	C	T	0.0257	0.0162	0.1119
14:50654982	rs10133849	14	50654982	A	G	-0.0142	0.0148	0.3366
14:54715689	rs1957364	14	54715689	G	A	-0.0021	0.0177	0.9067
14:55168605	rs10134983	14	55168605	C	T	0.0442	0.0263	0.09291
14:55387006	rs17742621	14	55387006	T	C	0.035	0.0276	0.2044
14:58285394	rs8009527	14	58285394	G	A	-0.01	0.0153	0.514
14:58294411	rs10133305	14	58294411	G	A	-0.01	0.0153	0.5142
14:64807752	rs2269295	14	64807752	C	T	0.0241	0.0155	0.1196
14:65012230	rs2296322	14	65012230	T	G	-0.0168	0.0201	0.4033
14:67364139	rs12588458	14	67364139	A	G	-0.0421	0.0225	0.06097
14:67895793	rs1033686	14	67895793	G	A	-0.006	0.0237	0.801
14:67987788	rs17192586	14	67987788	G	A	-0.0046	0.023	0.8399
14:68023318	rs8020795	14	68023318	G	A	6e-04	0.0226	0.98
14:68734473	rs8019389	14	68734473	G	T	-0.0455	0.0229	0.04684
14:69867409	rs1958076	14	69867409	A	C	-0.0178	0.0375	0.6356
14:73815667	rs12100961	14	73815667	T	C	0.0194	0.0156	0.2149
14:74170170	rs2358630	14	74170170	A	G	-0.0044	0.0206	0.8311
14:74863994	rs929579	14	74863994	C	T	-0.029	0.0151	0.05481
14:75515513	rs175714	14	75515513	T	C	0.0098	0.0146	0.5023
14:75516708	rs3759738	14	75516708	C	A	-0.0031	0.0155	0.8397
14:77297458	rs1861889	14	77297458	G	T	-0.0363	0.0309	0.2392
14:77377471	rs11844594	14	77377471	T	C	-0.0119	0.0146	0.4134
14:77378778	rs2193595	14	77378778	A	G	-0.012	0.0146	0.4106
14:77389841	rs12435136	14	77389841	G	A	-0.0121	0.0146	0.406
14:77491011	rs10145540	14	77491011	G	A	-0.0402	0.0196	0.04009
14:81418513	rs8004137	14	81418513	A	G	-0.0165	0.0179	0.3563
14:84710975	rs2765917	14	84710975	A	G	0.006	0.0155	0.6976
14:91858850	rs17127634	14	91858850	C	T	0.0231	0.0174	0.1832
14:91864446	rs10142528	14	91864446	T	C	0.0253	0.0175	0.1467
14:91873175	rs17127649	14	91873175	C	T	0.0137	0.0259	0.5962
14:92636964	rs10498635	14	92636964	C	T	-0.0467	0.0214	0.02874
14:94335031	rs996050	14	94335031	C	T	-0.0156	0.0147	0.2888
14:98174115	rs10144091	14	98174115	C	T	9e-04	0.0206	0.9643
15:31307298	rs12439925	15	31307298	C	T	-0.0134	0.0149	0.3689
15:31329118	rs1465778	15	31329118	T	C	9e-04	0.0163	0.9566
15:34332237	rs11631094	15	34332237	G	T	0.0091	0.0181	0.6141
15:36574793	rs7162621	15	36574793	A	G	0.0102	0.015	0.4952
15:36577226	rs1453950	15	36577226	G	A	0.0094	0.015	0.5302
15:38546063	rs8035957	15	38546063	T	C	-0.0092	0.0162	0.5702
15:38987902	rs8040312	15	38987902	A	G	-0.0046	0.0149	0.7602
15:40008490	rs12164905	15	40008490	G	T	0.0166	0.0201	0.4091
15:40118639	rs11630670	15	40118639	A	G	-0.0243	0.0147	0.09782
15:41310668	rs11070327	15	41310668	G	A	-0.0048	0.0147	0.7425
15:41937654	rs10518743	15	41937654	C	T	0.0219	0.0274	0.4245
15:49929748	rs2067885	15	49929748	A	G	0.006	0.0151	0.693
15:49941409	rs12916154	15	49941409	T	C	0.0129	0.0147	0.3825
15:50092016	rs11631945	15	50092016	C	T	-0.0011	0.0161	0.9438
15:50514272	rs3098183	15	50514272	C	T	0.0086	0.0155	0.5812
15:50726920	rs11855605	15	50726920	T	C	0.0156	0.0154	0.312
15:50758847	rs12593469	15	50758847	C	T	0.015	0.0154	0.3286
15:56070770	rs7176107	15	56070770	T	C	-0.0031	0.0151	0.837
15:56259549	rs2718926	15	56259549	A	G	0.0158	0.0146	0.2813
15:56324591	rs1477588	15	56324591	T	C	-0.0084	0.0148	0.5707
15:56445099	rs7170307	15	56445099	A	C	-0.0011	0.0146	0.9392
15:57206493	rs2733310	15	57206493	T	G	-0.0234	0.0189	0.2172
15:58439368	rs261341	15	58439368	A	G	0.0088	0.0157	0.5759
15:62506836	rs398474	15	62506836	G	A	-0.0178	0.0168	0.2883
15:62567908	rs2044062	15	62567908	C	T	0.021	0.0153	0.1694
15:62775339	rs11635027	15	62775339	T	C	0.0125	0.0168	0.4569
15:63048028	rs4075583	15	63048028	G	A	0.0066	0.0149	0.6607
15:64234618	rs12101870	15	64234618	A	G	0.0203	0.022	0.3554
15:64866735	rs1043690	15	64866735	A	G	-0.027	0.0186	0.1457
15:65439718	rs892650	15	65439718	C	T	0.008	0.0166	0.6309
15:65513051	rs352476	15	65513051	T	C	-0.0228	0.0148	0.1228
15:65652210	rs8035639	15	65652210	C	T	0.0205	0.0147	0.1642
15:66632463	rs4351998	15	66632463	A	G	0.0192	0.0151	0.2032
15:67171675	rs16950687	15	67171675	A	G	0.0754	0.0164	3.996e-06
15:69755818	rs10152591	15	69755818	A	C	0.0215	0.03	0.4732
15:70440380	rs1398199	15	70440380	C	A	0.0133	0.0175	0.4478
15:70465557	rs12440755	15	70465557	C	A	0.026	0.0193	0.1782
15:72259371	rs11637611	15	72259371	C	T	0.0308	0.0163	0.05912
15:74800043	rs2301249	15	74800043	T	C	-0.014	0.0159	0.3778
15:76005791	rs4886755	15	76005791	A	G	0.0128	0.0148	0.3878
15:77010628	rs11639459	15	77010628	C	T	-0.0231	0.0194	0.2341
15:78244582	rs12439144	15	78244582	G	A	-0.0126	0.0149	0.3971
15:78247925	rs12916463	15	78247925	A	G	-0.0205	0.0164	0.2092
15:78259047	rs2139444	15	78259047	A	G	0.0308	0.015	0.03965
15:78314279	rs2013580	15	78314279	T	C	-6e-04	0.0147	0.9674
15:79901905	rs2115536	15	79901905	C	T	-0.0276	0.0147	0.05997
15:79970875	rs3826007	15	79970875	C	T	0.025	0.0175	0.1523
15:79971003	rs1138358	15	79971003	A	C	0.0261	0.0174	0.1348
15:79971064	rs1138357	15	79971064	C	T	0.0249	0.0174	0.1531
15:80075814	rs2461639	15	80075814	C	T	-0.0349	0.0151	0.02115
15:80090739	rs939974	15	80090739	A	G	-0.0349	0.0151	0.0212
15:84886310	rs7173860	15	84886310	A	C	0.005	0.0149	0.7362
15:85579548	rs2061822	15	85579548	T	C	-0.0073	0.0147	0.6182
15:89059159	rs293342	15	89059159	G	A	-0.0038	0.0147	0.7974
15:90482598	rs11853271	15	90482598	G	A	-0.0193	0.0157	0.2179
15:90502187	rs3539	15	90502187	G	T	0.0237	0.0147	0.1067
15:90642762	rs3743401	15	90642762	C	T	-0.0136	0.0165	0.411
15:91005371	rs3826033	15	91005371	G	A	0.0513	0.0205	0.0122
15:91017952	rs3743445	15	91017952	C	T	0.0476	0.0215	0.0271
16:11075826	rs725613	16	11075826	T	G	-0.0361	0.0155	0.01974
16:16029191	rs875740	16	16029191	C	A	-0.0032	0.0148	0.8276
16:162650	rs3785309	16	162650	C	T	0.0064	0.0284	0.8226
16:2146082	rs35785	16	2146082	C	T	0.0164	0.0234	0.4823
16:27329738	rs4787948	16	27329738	A	G	0.0736	0.0165	7.67e-06
16:28580209	rs9924471	16	28580209	G	A	-0.0077	0.0235	0.7433
16:30484091	rs2285459	16	30484091	T	C	-0.0353	0.015	0.01822
16:31382858	rs1140195	16	31382858	A	G	0.0249	0.0152	0.1015
16:31486560	rs3813008	16	31486560	G	A	-0.0014	0.0211	0.9462
16:3696240	rs6500550	16	3696240	C	T	0.0013	0.0161	0.9342
16:4060192	rs7204987	16	4060192	C	T	-0.0049	0.0149	0.7419
16:474305	rs3785303	16	474305	T	G	0.0368	0.0202	0.0681
16:48526404	rs2883475	16	48526404	C	T	0.0019	0.0152	0.9026
16:48598567	rs11649236	16	48598567	C	T	-0.0064	0.015	0.6705
16:48659431	rs12597569	16	48659431	C	T	-0.0021	0.0152	0.8889
16:48692912	rs1477135	16	48692912	C	T	0.0021	0.0152	0.8904
16:4973060	rs9925477	16	4973060	T	G	-0.0165	0.0146	0.2589
16:50060316	rs9932240	16	50060316	T	C	-0.0295	0.0336	0.3811
16:51176584	rs2193098	16	51176584	T	C	0.0049	0.0177	0.7826
16:53157558	rs12597487	16	53157558	T	C	-0.0156	0.0165	0.3433
16:53324527	rs3743771	16	53324527	A	G	-0.0152	0.0165	0.3553
16:57038051	rs4784754	16	57038051	C	T	0.0128	0.0195	0.5114
16:68799040	rs1862748	16	68799040	C	T	0.014	0.0171	0.4116
16:74441593	rs9921991	16	74441593	A	G	3e-04	0.0149	0.9856
16:79329182	rs1121985	16	79329182	A	C	0.0093	0.0157	0.5537
16:79710504	rs17767383	16	79710504	G	A	-1e-04	0.0158	0.9954
16:80810451	rs8053834	16	80810451	A	G	0.0056	0.021	0.7912
16:81022836	rs3743503	16	81022836	T	G	-0.0048	0.0192	0.8019
16:81575064	rs4632124	16	81575064	G	A	-0.0045	0.0151	0.7649
16:81855300	rs7185362	16	81855300	G	A	0.0049	0.0157	0.7561
16:83538632	rs12444964	16	83538632	A	G	0.0141	0.0167	0.396
16:84549359	rs247826	16	84549359	C	T	0.0047	0.0163	0.7728
16:85678499	rs3815795	16	85678499	C	T	0.0068	0.0167	0.6826
16:85776743	rs301161	16	85776743	G	A	0.0393	0.0225	0.08086
16:85894208	rs391023	16	85894208	C	T	-0.0068	0.0152	0.6539
16:85908168	rs305080	16	85908168	C	T	-0.015	0.015	0.3162
16:86041495	rs17818245	16	86041495	A	G	0.0628	0.0233	0.006999
16:87834921	rs3889228	16	87834921	C	A	-0.0295	0.0162	0.06873
16:88450532	rs904800	16	88450532	A	G	-0.019	0.0149	0.2032
16:88495292	rs11642903	16	88495292	G	A	0.0438	0.0183	0.01706
16:88716692	rs1803382	16	88716692	T	C	-0.0314	0.0163	0.05426
16:8932543	rs1542541	16	8932543	G	A	-0.0264	0.0208	0.203
17:1463828	rs6416877	17	1463828	T	G	0.0021	0.0158	0.8922
17:16281315	rs2109262	17	16281315	T	G	0.0126	0.0146	0.3891
17:16309336	rs9944524	17	16309336	A	G	0.0135	0.0146	0.3555
17:17746109	rs4925108	17	17746109	C	T	-0.0041	0.0148	0.7814
17:20023523	rs7218708	17	20023523	A	G	0.0143	0.0147	0.3328
17:21271757	rs6587132	17	21271757	C	T	0.0077	0.0158	0.6261
17:2188471	rs903160	17	2188471	C	T	0.0054	0.0155	0.7254
17:2299873	rs216195	17	2299873	T	G	-0.0223	0.0161	0.167
17:27516617	rs2945412	17	27516617	G	A	-0.023	0.0152	0.1305
17:28834120	rs9303621	17	28834120	A	G	0.0028	0.0186	0.8788
17:28862756	rs901975	17	28862756	A	G	-0.0022	0.0185	0.9041
17:29112509	rs8069100	17	29112509	T	C	0.0032	0.0146	0.8284
17:29320612	rs797973	17	29320612	G	T	-0.0045	0.0162	0.7825
17:2982797	rs17822257	17	2982797	C	A	0.0107	0.0174	0.5398
17:30899210	rs2433	17	30899210	T	C	0.0093	0.0255	0.7151
17:32709475	rs9912761	17	32709475	A	G	0.0264	0.0194	0.174
17:32709747	rs9303654	17	32709747	G	A	0.0264	0.0194	0.1734
17:32944277	rs2301695	17	32944277	C	T	0.0067	0.0208	0.7477
17:34235922	rs11868941	17	34235922	C	T	0.0164	0.018	0.3626
17:35442843	rs8076768	17	35442843	C	T	0.029	0.0158	0.0665
17:35546753	rs7221322	17	35546753	A	G	0.0104	0.015	0.487
17:35614032	rs1634684	17	35614032	A	G	-0.0246	0.0146	0.09251
17:35647462	rs9897552	17	35647462	G	A	0.0046	0.0194	0.8114
17:35673609	rs9907772	17	35673609	G	A	0.0032	0.0194	0.8698
17:35699578	rs6505492	17	35699578	C	T	-0.0242	0.0146	0.09768
17:35700945	rs8067294	17	35700945	T	C	-0.0242	0.0146	0.09799
17:36493030	rs2306589	17	36493030	T	C	0.0075	0.0148	0.6111
17:37488149	rs853195	17	37488149	C	A	0.0174	0.0158	0.2689
17:39972395	rs3859192	17	39972395	C	T	0.0647	0.0147	1.132e-05
17:39987295	rs4065321	17	39987295	C	T	-0.0505	0.0146	0.0005535
17:39990676	rs8066582	17	39990676	T	C	-0.0507	0.0146	0.0005248
17:40004501	rs8070454	17	40004501	C	T	0.0672	0.015	7.056e-06
17:40388372	rs2715555	17	40388372	G	A	0.0406	0.0215	0.05944
17:41931855	rs9303323	17	41931855	A	G	-0.0072	0.0236	0.7614
17:41992905	rs12952314	17	41992905	A	G	-0.0079	0.0237	0.7388
17:42137394	rs12325861	17	42137394	T	C	0.0147	0.0181	0.4181
17:42355962	rs9891119	17	42355962	A	C	-0.011	0.015	0.4623
17:44201473	rs9303601	17	44201473	A	G	0.011	0.0215	0.6101
17:44250125	rs2072081	17	44250125	G	T	-0.0079	0.0173	0.649
17:44360314	rs708384	17	44360314	C	A	0.0149	0.0149	0.3176
17:4628587	rs17764723	17	4628587	T	C	0.0323	0.0221	0.1442
17:46710944	rs183211	17	46710944	G	A	-0.0184	0.0203	0.3659
17:46722680	rs7224296	17	46722680	G	A	0.0374	0.0189	0.04859
17:46751565	rs199533	17	46751565	G	A	-0.019	0.0269	0.4785
17:4701905	rs4790689	17	4701905	A	C	-0.0086	0.0174	0.6219
17:49264791	rs4794031	17	49264791	C	T	-0.0588	0.0147	6.16e-05
17:5008022	rs3786044	17	5008022	A	G	0.0392	0.0224	0.08002
17:50146710	rs847680	17	50146710	T	C	-0.037	0.0202	0.0661
17:5359454	rs11078559	17	5359454	A	G	-0.0125	0.0153	0.4127
17:55090091	rs1548908	17	55090091	C	T	-0.0164	0.0169	0.3306
17:55193459	rs9904768	17	55193459	T	G	-0.0134	0.0165	0.4168
17:55367769	rs9911896	17	55367769	C	T	0.0026	0.0147	0.8589
17:56982967	rs3095493	17	56982967	T	C	0.0011	0.0247	0.965
17:56983496	rs3095492	17	56983496	G	A	2e-04	0.0247	0.9948
17:57408105	rs11871646	17	57408105	A	G	-0.024	0.0186	0.1967
17:57420875	rs11868362	17	57420875	C	T	0.0267	0.0176	0.1289
17:58305692	rs3744103	17	58305692	C	T	0.0145	0.0288	0.6154
17:58506844	rs2302189	17	58506844	A	C	0.0022	0.0154	0.8836
17:59912499	rs1292034	17	59912499	G	A	2e-04	0.0148	0.9885
17:61742707	rs9904294	17	61742707	G	A	0.0038	0.0192	0.843
17:64324605	rs9892152	17	64324605	T	C	0.0274	0.0147	0.06118
17:67845202	rs2365468	17	67845202	C	T	0.0446	0.0171	0.009027
17:67873957	rs12602912	17	67873957	C	T	0.0467	0.0172	0.00651
17:67951524	rs12449442	17	67951524	G	A	0.0459	0.0171	0.00738
17:68443464	rs2909207	17	68443464	T	C	-0.0125	0.0168	0.4572
17:7260031	rs1215	17	7260031	A	G	0.0381	0.0246	0.1207
17:73198884	rs4969082	17	73198884	C	T	0.0134	0.0152	0.377
17:73215803	rs8076989	17	73215803	G	A	-0.0045	0.0147	0.7592
17:74695789	rs2034310	17	74695789	T	C	-0.0187	0.0175	0.286
17:74771296	rs880827	17	74771296	T	C	0.0212	0.0147	0.148
17:7561096	rs6608	17	7561096	C	T	0.0167	0.0275	0.5438
17:75786110	rs2125345	17	75786110	T	C	0.0507	0.0176	0.004031
17:7633209	rs6259	17	7633209	G	A	-0.0078	0.0277	0.7793
17:76405440	rs445683	17	76405440	C	T	0.0134	0.0171	0.4347
17:76437921	rs1000821	17	76437921	C	T	0.0012	0.0147	0.9333
17:77377856	rs312828	17	77377856	A	G	0.0036	0.0152	0.8146
17:78407903	rs4129767	17	78407903	G	A	-0.0446	0.0151	0.003128
17:78409756	rs4969187	17	78409756	T	C	-0.0326	0.0158	0.0388
17:80133738	rs7211079	17	80133738	A	G	-0.0242	0.0163	0.1365
17:8204661	rs7503353	17	8204661	G	T	-0.005	0.0149	0.7391
17:8213797	rs4792590	17	8213797	A	G	-0.0346	0.0278	0.213
17:8255914	rs7221716	17	8255914	A	G	-0.0173	0.0259	0.5052
17:8313150	rs871841	17	8313150	T	C	0.0038	0.0147	0.7965
17:835613	rs8066620	17	835613	C	T	0.0181	0.0171	0.2878
17:8888776	rs16957702	17	8888776	G	A	-0.0146	0.018	0.4184
18:23141009	rs11082304	18	23141009	G	T	0.01	0.0147	0.4953
18:26251685	rs1530599	18	26251685	C	T	0.004	0.0162	0.8059
18:2990702	rs661767	18	2990702	A	G	0.018	0.0173	0.2973
18:44500755	rs11082396	18	44500755	T	C	-0.0231	0.0221	0.2957
18:44608318	rs7232604	18	44608318	C	T	-0.0118	0.0249	0.6346
18:46172027	rs8084309	18	46172027	T	C	0.0047	0.0181	0.7944
18:46197865	rs9947316	18	46197865	T	G	0.0093	0.0148	0.5324
18:46262069	rs11082518	18	46262069	G	A	-0.0016	0.0184	0.9321
18:48295169	rs868306	18	48295169	C	T	-0.0196	0.0163	0.2303
18:48935416	rs7238442	18	48935416	T	C	-0.009	0.0147	0.5392
18:50621825	rs2053248	18	50621825	C	T	0.0134	0.0162	0.4101
18:63235095	rs954954	18	63235095	A	C	-0.0052	0.0225	0.8164
18:63578618	rs9966040	18	63578618	T	G	0.0179	0.0166	0.2797
18:69472017	rs7238969	18	69472017	C	T	-0.011	0.0174	0.5287
18:69814914	rs10513976	18	69814914	A	C	0.0275	0.0237	0.2465
18:69863203	rs727088	18	69863203	G	A	-0.0416	0.0147	0.004687
18:69864406	rs763361	18	69864406	T	C	-0.0411	0.0147	0.005083
18:69867948	rs1790588	18	69867948	T	C	0.0393	0.0147	0.007338
18:69871588	rs1788103	18	69871588	A	G	0.0404	0.0147	0.005848
18:9623054	rs589559	18	9623054	G	A	-0.0157	0.0193	0.4144
19:10245756	rs12462481	19	10245756	G	A	-0.0071	0.0167	0.6733
19:10285007	rs5498	19	10285007	A	G	-0.002	0.0147	0.8917
19:1038446	rs10419707	19	1038446	C	T	-0.0173	0.0174	0.3195
19:10569427	rs3760648	19	10569427	A	G	0.0345	0.0191	0.07182
19:10627963	rs3087969	19	10627963	C	T	0.0275	0.0192	0.152
19:1095717	rs11084882	19	1095717	G	A	-0.0079	0.0172	0.6451
19:11173807	rs370229	19	11173807	A	G	-0.009	0.0147	0.5399
19:1124032	rs2024092	19	1124032	G	A	-0.0265	0.0173	0.125
19:11827447	rs11671713	19	11827447	A	G	-0.0194	0.0155	0.2112
19:12831984	rs12609353	19	12831984	G	A	-0.0223	0.0167	0.1805
19:12878746	rs2293682	19	12878746	G	A	-0.0206	0.0156	0.1861
19:12896644	rs11085825	19	12896644	C	T	-0.0013	0.0159	0.9325
19:12937794	rs1010222	19	12937794	A	G	-0.002	0.016	0.9014
19:13841016	rs1531212	19	13841016	G	A	-0.0191	0.016	0.2328
19:15292967	rs7255065	19	15292967	C	T	0.0159	0.0186	0.3934
19:15323571	rs11666141	19	15323571	T	C	0.0146	0.0186	0.4326
19:16082527	rs3786576	19	16082527	G	T	0.0158	0.0154	0.302
19:16112477	rs10419562	19	16112477	T	C	-0.0159	0.0154	0.3027
19:16133246	rs1043346	19	16133246	C	A	-0.0288	0.0186	0.1213
19:16356948	rs875622	19	16356948	A	G	0.0236	0.016	0.1404
19:16384476	rs3786586	19	16384476	A	G	-0.0289	0.0184	0.1159
19:16385697	rs12461349	19	16385697	C	T	-0.0393	0.023	0.08751
19:16417023	rs4808047	19	16417023	T	C	-0.0352	0.0196	0.07194
19:17111943	rs12978850	19	17111943	C	T	0.0135	0.0198	0.4934
19:17145713	rs17533903	19	17145713	G	A	0.0214	0.0158	0.1764
19:17146992	rs17533945	19	17146992	T	C	0.0293	0.0147	0.04608
19:17204065	rs8108998	19	17204065	T	C	-0.0145	0.0148	0.3277
19:17210860	rs12463169	19	17210860	A	G	-0.0138	0.0148	0.351
19:18278325	rs12608504	19	18278325	A	G	-0.0132	0.0155	0.3936
19:18406957	rs13344313	19	18406957	G	A	0.0074	0.0159	0.6433
19:18465674	rs2278238	19	18465674	T	C	0.0221	0.0149	0.1397
19:18489246	rs7251067	19	18489246	G	A	0.0491	0.0198	0.01286
19:19451523	rs10414830	19	19451523	C	T	0.0332	0.0166	0.04584
19:19581770	rs7252981	19	19581770	T	C	-0.0018	0.0175	0.9164
19:19678719	rs2304130	19	19678719	A	G	-0.02	0.0314	0.524
19:2176587	rs12459350	19	2176587	A	G	0.0127	0.0147	0.3859
19:3222858	rs426633	19	3222858	A	G	0.008	0.0147	0.5849
19:32594595	rs12982788	19	32594595	A	C	0.003	0.0163	0.8542
19:33284420	rs1990966	19	33284420	C	T	-0.0127	0.0149	0.3924
19:33497056	rs3786916	19	33497056	G	A	-0.009	0.0197	0.6488
19:34152232	rs608629	19	34152232	C	T	-0.0278	0.0148	0.05932
19:34168094	rs498431	19	34168094	C	T	-0.0274	0.0147	0.06248
19:35278046	rs10405246	19	35278046	A	G	0.0276	0.0169	0.1017
19:35458692	rs2158007	19	35458692	T	C	-0.0234	0.0173	0.1744
19:38274432	rs8101725	19	38274432	C	T	0.0039	0.0147	0.7917
19:38282882	rs3826896	19	38282882	T	C	0.004	0.0147	0.7868
19:39728922	rs439881	19	39728922	T	G	0.0087	0.0158	0.5807
19:39730727	rs428007	19	39730727	T	C	0.0088	0.0158	0.5773
19:39731003	rs440191	19	39731003	A	G	0.0088	0.0158	0.5792
19:39735217	rs372081	19	39735217	G	T	0.0088	0.0158	0.5766
19:40643739	rs2561563	19	40643739	A	C	-0.0218	0.023	0.3426
19:4069121	rs7254272	19	4069121	G	A	0.0024	0.0201	0.9043
19:42243077	rs11878620	19	42243077	G	A	0.0346	0.0372	0.3521
19:43629496	rs4803646	19	43629496	C	T	-0.012	0.0161	0.4572
19:43746679	rs346534	19	43746679	A	G	-8e-04	0.0177	0.9627
19:43747273	rs346535	19	43747273	C	T	0.0047	0.017	0.7836
19:43752234	rs346545	19	43752234	T	C	-0.0019	0.0177	0.9139
19:43782361	rs3760982	19	43782361	A	G	-0.0065	0.0149	0.6636
19:43789204	rs1386502	19	43789204	T	C	0.0118	0.0148	0.4235
19:4412716	rs243354	19	4412716	A	G	0.0185	0.0155	0.2324
19:4442339	rs9352	19	4442339	C	T	0.0029	0.0146	0.8455
19:4442532	rs243382	19	4442532	T	C	0.006	0.0147	0.684
19:4443049	rs2992	19	4443049	T	C	0.0181	0.0155	0.2421
19:44642803	rs7255066	19	44642803	T	C	0.028	0.0171	0.1016
19:44744370	rs4803750	19	44744370	A	G	0.0034	0.0306	0.9121
19:4487809	rs16992410	19	4487809	A	G	-0.0114	0.0241	0.6373
19:44892362	rs2075650	19	44892362	A	G	-0.0581	0.0195	0.002856
19:45305950	rs8111989	19	45305950	T	C	0.0128	0.0156	0.4147
19:45851071	rs7248426	19	45851071	A	G	0.0377	0.0157	0.01664
19:46346549	rs4802307	19	46346549	G	T	0.0114	0.0173	0.5084
19:46562466	rs6509285	19	46562466	C	T	0.0269	0.0178	0.13
19:47086638	rs2303108	19	47086638	T	C	0.0028	0.0153	0.8537
19:47093845	rs10408163	19	47093845	T	C	0.0053	0.0153	0.7287
19:47131056	rs177918	19	47131056	T	G	-0.0075	0.0207	0.7184
19:47176541	rs466477	19	47176541	T	C	-0.0152	0.0166	0.3599
19:48872419	rs638050	19	48872419	T	C	0.0177	0.0156	0.2542
19:48952897	rs11667351	19	48952897	G	T	-0.0257	0.0271	0.3432
19:5041038	rs11878982	19	5041038	C	T	-0.0044	0.0187	0.8157
19:5049472	rs858422	19	5049472	T	C	-0.01	0.0172	0.5593
19:51215581	rs273634	19	51215581	C	T	-0.0069	0.015	0.6451
19:51383668	rs7250000	19	51383668	G	A	-0.0192	0.0196	0.3259
19:51655063	rs7250849	19	51655063	G	T	-0.0308	0.0199	0.1204
19:55025227	rs1613662	19	55025227	G	A	0.0212	0.0226	0.3465
19:55181876	rs2288419	19	55181876	T	C	-0.001	0.0175	0.9541
19:57408104	rs7256453	19	57408104	C	T	-9e-04	0.0158	0.955
19:57415118	rs10406875	19	57415118	G	T	-8e-04	0.0158	0.9584
19:5836953	rs1678849	19	5836953	G	A	0.0118	0.0165	0.4723
19:6077048	rs637094	19	6077048	A	G	-0.0231	0.0248	0.352
19:6668961	rs1077667	19	6668961	C	T	-0.0109	0.0158	0.4902
19:6801942	rs332425	19	6801942	C	A	-0.012	0.027	0.6555
19:7762944	rs571497	19	7762944	G	A	0.0109	0.0225	0.6268
19:7783793	rs4239552	19	7783793	C	T	0.0116	0.019	0.5415
19:8514127	rs2287863	19	8514127	T	C	-0.0156	0.0209	0.4549
19:8521202	rs1054623	19	8521202	C	A	-0.0011	0.02	0.957
1:100619538	rs11583008	1	100619538	A	G	0.026	0.0146	0.07438
1:100676493	rs1932351	1	100676493	C	T	0.0254	0.0146	0.08108
1:100765744	rs10875335	1	100765744	T	C	0.0182	0.0146	0.2137
1:100782392	rs7544183	1	100782392	C	T	0.0177	0.0146	0.2256
1:100862527	rs10875346	1	100862527	T	C	-0.0188	0.0152	0.2179
1:100862674	rs10783153	1	100862674	T	C	-0.0172	0.0152	0.2581
1:101148700	rs6577231	1	101148700	T	C	-0.0276	0.0285	0.3332
1:10382809	rs11121556	1	10382809	T	C	0.0125	0.016	0.4348
1:10492661	rs4846228	1	10492661	C	T	0.0093	0.0186	0.6191
1:108202312	rs828999	1	108202312	G	A	0	0.0148	0.9975
1:111064597	rs1144599	1	111064597	G	A	0.0096	0.0158	0.5444
1:112546384	rs7544663	1	112546384	C	T	0.0071	0.0147	0.629
1:112626827	rs7415820	1	112626827	G	A	-0.0025	0.0149	0.8695
1:113834946	rs2476601	1	113834946	A	G	-0.0669	0.0205	0.001114
1:114431068	rs11585926	1	114431068	T	C	-0.0066	0.0175	0.7082
1:117599822	rs10489819	1	117599822	C	T	0.0202	0.0199	0.3103
1:117609313	rs1808809	1	117609313	C	T	0.0059	0.0177	0.7386
1:117626841	rs2282456	1	117626841	G	A	-0.0187	0.0153	0.2199
1:119729854	rs523395	1	119729854	T	C	0.0158	0.0147	0.2824
1:11984107	rs1474868	1	11984107	C	T	-0.0114	0.015	0.4493
1:12044991	rs12042105	1	12044991	T	C	0.0014	0.019	0.9415
1:147810394	rs11240129	1	147810394	C	T	-0.001	0.0192	0.9579
1:147812895	rs12076930	1	147812895	T	C	-4e-04	0.0192	0.9837
1:150611627	rs4970966	1	150611627	G	T	-0.0156	0.0181	0.389
1:150701208	rs4970926	1	150701208	T	C	-0.0096	0.0146	0.5108
1:154169432	rs4845364	1	154169432	A	G	0.0127	0.0147	0.3874
1:155192276	rs4072037	1	155192276	C	T	0.0218	0.0148	0.1403
1:156476450	rs2274316	1	156476450	C	A	0.0278	0.0148	0.0598
1:156730859	rs12145743	1	156730859	T	G	0.028	0.0154	0.06956
1:156932430	rs12119908	1	156932430	G	A	0.0144	0.0196	0.4613
1:158583542	rs863368	1	158583542	A	G	-0.0021	0.0147	0.8855
1:158584352	rs2479861	1	158584352	G	A	-0.0015	0.0147	0.9181
1:158622665	rs1616	1	158622665	G	T	-0.0133	0.0159	0.404
1:158661381	rs2518493	1	158661381	A	C	0.0067	0.0156	0.6657
1:159205564	rs12075	1	159205564	G	A	0.0117	0.0147	0.4246
1:159915710	rs2789423	1	159915710	G	A	-8e-04	0.015	0.9565
1:160822869	rs2779800	1	160822869	A	G	0.0031	0.0146	0.8339
1:161185602	rs4575098	1	161185602	G	A	-0.0111	0.0173	0.5211
1:161502368	rs10800309	1	161502368	A	G	0.015	0.0152	0.3226
1:161509955	rs1801274	1	161509955	A	G	0.0194	0.0146	0.1835
1:167311117	rs10733051	1	167311117	A	G	0.0294	0.0148	0.047
1:171970150	rs2038479	1	171970150	C	A	0.0234	0.0177	0.1875
1:171974808	rs10914127	1	171974808	A	G	0.0214	0.0177	0.2264
1:172187746	rs583578	1	172187746	A	G	-0.0093	0.0152	0.5416
1:172465672	rs2901656	1	172465672	C	T	0.0034	0.0147	0.8188
1:172820625	rs11810332	1	172820625	A	G	0.0304	0.0148	0.03992
1:17393347	rs6695214	1	17393347	T	C	-7e-04	0.015	0.9619
1:183873970	rs10911457	1	183873970	T	C	0.0052	0.0146	0.7235
1:183881767	rs11585126	1	183881767	A	G	0.0147	0.0147	0.3173
1:185441843	rs4651259	1	185441843	A	G	0.0129	0.0157	0.41
1:19444474	rs10917452	1	19444474	C	T	-0.0389	0.0148	0.008767
1:197642552	rs16841842	1	197642552	C	A	-0.0278	0.02	0.1638
1:197662011	rs2488389	1	197662011	G	A	-0.0281	0.02	0.1598
1:198626376	rs12127588	1	198626376	G	A	-0.0058	0.0237	0.8057
1:199043349	rs1036332	1	199043349	A	C	0.0056	0.0163	0.7317
1:201051599	rs3767498	1	201051599	A	G	0.0017	0.0169	0.9195
1:202902110	rs7542125	1	202902110	T	C	0.0065	0.0165	0.6958
1:202923789	rs10800880	1	202923789	T	C	0.0095	0.0166	0.5664
1:203302802	rs12136280	1	203302802	G	T	0.0349	0.0147	0.01782
1:203339840	rs12757745	1	203339840	G	A	0.0015	0.0202	0.9422
1:203682799	rs1541252	1	203682799	T	C	-0.0179	0.0195	0.3575
1:203683316	rs1419114	1	203683316	A	G	-0.0179	0.0195	0.3582
1:203687686	rs10900588	1	203687686	G	A	-0.0186	0.0195	0.3404
1:205189055	rs10900465	1	205189055	C	T	-0.0245	0.0149	0.09923
1:205193929	rs10900468	1	205193929	A	G	-0.0232	0.0147	0.1143
1:205240402	rs1078362	1	205240402	A	G	-0.02	0.0149	0.1791
1:205243896	rs1172140	1	205243896	G	A	-0.02	0.0149	0.1793
1:205255630	rs1172149	1	205255630	A	G	-0.0197	0.0149	0.1857
1:205683577	rs4951256	1	205683577	T	C	0.005	0.0159	0.7548
1:205689811	rs1172199	1	205689811	C	T	0.005	0.016	0.7542
1:205693849	rs6676110	1	205693849	G	A	0.0033	0.0166	0.8444
1:205798757	rs708727	1	205798757	G	A	0.0188	0.0147	0.2022
1:20590713	rs471760	1	20590713	G	A	-0.0157	0.018	0.3842
1:206496132	rs3748022	1	206496132	C	T	0.0423	0.0169	0.01259
1:207113842	rs2808470	1	207113842	C	T	0.002	0.0224	0.9286
1:207749736	rs2761437	1	207749736	A	G	0.0143	0.0176	0.4176
1:209744806	rs3765240	1	209744806	G	A	0.012	0.0161	0.4554
1:209763569	rs17015169	1	209763569	C	T	0.0044	0.0162	0.7836
1:211278125	rs11577985	1	211278125	T	C	-0.0208	0.0247	0.3993
1:211654792	rs7516189	1	211654792	A	G	0.0065	0.015	0.6646
1:212236813	rs1389371	1	212236813	T	C	0.0285	0.0165	0.08411
1:212267786	rs351408	1	212267786	G	A	0.0283	0.0165	0.08623
1:213936809	rs11120231	1	213936809	C	A	-0.0028	0.0148	0.8512
1:213947753	rs340846	1	213947753	T	C	-0.0016	0.0149	0.9153
1:21677300	rs829396	1	21677300	T	C	0.0037	0.0164	0.8199
1:21720065	rs10799708	1	21720065	A	C	-0.0022	0.0148	0.8831
1:21982211	rs12049408	1	21982211	A	G	0.0049	0.0147	0.7385
1:219905486	rs2378331	1	219905486	A	G	-0.0126	0.0186	0.4971
1:220884304	rs2738755	1	220884304	C	T	0.0094	0.0153	0.5382
1:2244599	rs10910034	1	2244599	C	T	0	0.0149	0.9986
1:2249085	rs260513	1	2249085	G	A	-0.006	0.0147	0.6832
1:230164203	rs10779835	1	230164203	T	C	-0.0161	0.0148	0.2784
1:231352778	rs2437150	1	231352778	C	T	-0.0166	0.0157	0.2908
1:231418041	rs7542797	1	231418041	A	C	-0.0229	0.0204	0.2632
1:231601954	rs6656071	1	231601954	C	T	-0.0097	0.0149	0.5172
1:234773551	rs4626924	1	234773551	C	T	0.0102	0.0153	0.508
1:234830530	rs2796160	1	234830530	A	C	0.0189	0.0266	0.4772
1:23507994	rs3820028	1	23507994	G	A	0.0063	0.0148	0.6719
1:23509872	rs2075993	1	23509872	A	G	0.0117	0.0148	0.4314
1:235939586	rs6701752	1	235939586	G	A	-0.0087	0.0266	0.7442
1:23821875	rs2179395	1	23821875	T	C	-0.0183	0.0148	0.2152
1:23841529	rs12744386	1	23841529	C	T	0.0204	0.0147	0.1674
1:243222734	rs12080886	1	243222734	T	C	-0.0141	0.0155	0.3617
1:247442297	rs10157379	1	247442297	C	T	0.0415	0.0151	0.006044
1:247454074	rs10802506	1	247454074	T	G	0.0309	0.0204	0.1286
1:247459572	rs4925671	1	247459572	T	C	0.0101	0.0157	0.5215
1:247619298	rs11587369	1	247619298	T	C	0.0095	0.0155	0.5379
1:247822827	rs12130569	1	247822827	A	G	0.0045	0.0178	0.8027
1:247830294	rs6587378	1	247830294	G	A	-0.0339	0.0446	0.4467
1:247832195	rs11807791	1	247832195	T	C	-0.0362	0.0446	0.4169
1:247838264	rs7512555	1	247838264	G	A	-0.0351	0.0446	0.4319
1:24803592	rs7528154	1	24803592	T	C	0.0146	0.0163	0.3696
1:25215440	rs2375279	1	25215440	T	C	-0.0113	0.0183	0.5378
1:25369344	rs1293259	1	25369344	G	A	0.0093	0.0188	0.6193
1:25573724	rs4659356	1	25573724	T	C	0.0284	0.0153	0.06402
1:26753440	rs12742115	1	26753440	T	C	-0.0186	0.0274	0.4987
1:26909721	rs17162330	1	26909721	T	C	-0.003	0.0215	0.8884
1:27884873	rs2236074	1	27884873	G	A	-0.0093	0.0151	0.5388
1:27885139	rs1467464	1	27885139	T	C	-0.0034	0.0151	0.8231
1:28877395	rs157198	1	28877395	T	C	-0.0554	0.0253	0.02847
1:28893758	rs126013	1	28893758	A	C	-0.0401	0.0161	0.0128
1:30763089	rs4949294	1	30763089	G	T	0.0189	0.0147	0.1973
1:30779359	rs10914202	1	30779359	T	C	0.0208	0.0147	0.1565
1:3080038	rs1569419	1	3080038	T	C	0.0349	0.0161	0.02955
1:3401968	rs11578011	1	3401968	T	C	0.0031	0.0154	0.8431
1:34837016	rs11264125	1	34837016	C	T	-0.0046	0.0182	0.7986
1:36421562	rs2282353	1	36421562	A	G	0.0341	0.0147	0.02005
1:36480052	rs3917924	1	36480052	G	A	0.0222	0.0151	0.1406
1:3775163	rs1175549	1	3775163	A	C	-0.0288	0.0163	0.0781
1:3795125	rs6667255	1	3795125	T	C	-0.0212	0.0163	0.1924
1:39572230	rs2242500	1	39572230	A	G	0.0163	0.0153	0.2878
1:39604267	rs3916164	1	39604267	G	A	0.0157	0.0158	0.3192
1:39934725	rs4381172	1	39934725	C	T	-0.0046	0.0173	0.7918
1:39937698	rs7529794	1	39937698	G	T	0.0036	0.0171	0.8336
1:41757462	rs12746339	1	41757462	T	C	-0.0038	0.0152	0.8006
1:41908229	rs702225	1	41908229	T	C	0.0172	0.016	0.2832
1:42950462	rs17387775	1	42950462	T	C	-0.0234	0.0171	0.1721
1:42952355	rs2297972	1	42952355	C	T	-0.0257	0.0169	0.1289
1:45334484	rs3219484	1	45334484	C	T	0.0212	0.0271	0.4333
1:45421616	rs3790582	1	45421616	T	C	-0.02	0.0178	0.2592
1:45470679	rs4660858	1	45470679	G	A	-0.0214	0.0178	0.2299
1:45506087	rs10789465	1	45506087	T	C	0.0273	0.0146	0.06216
1:47401478	rs6679121	1	47401478	G	A	-0.0234	0.0222	0.2908
1:52747607	rs4500255	1	52747607	A	G	0.0067	0.0146	0.6478
1:52785243	rs7523761	1	52785243	T	C	0.0058	0.0146	0.6908
1:52871187	rs515857	1	52871187	T	C	-0.0065	0.0147	0.6551
1:54417330	rs4927101	1	54417330	A	G	0.0126	0.0147	0.3896
1:56149159	rs1230003	1	56149159	T	G	-0.0067	0.0159	0.6748
1:56154596	rs778121	1	56154596	T	C	-0.0096	0.0161	0.5523
1:56438490	rs914838	1	56438490	C	T	0.0202	0.03	0.5013
1:56442822	rs3892374	1	56442822	A	G	0.0195	0.0298	0.5135
1:56500678	rs17114046	1	56500678	A	G	-0.011	0.0234	0.6382
1:62465961	rs1167998	1	62465961	C	A	0.002	0.0162	0.9042
1:62491359	rs10889333	1	62491359	G	A	-0.0021	0.0167	0.9
1:62514936	rs10889337	1	62514936	G	A	-0.0013	0.0162	0.934
1:62668259	rs4587594	1	62668259	G	A	-0.001	0.0167	0.95
1:6533472	rs11122083	1	6533472	G	A	0.0098	0.0258	0.7028
1:65527665	rs1782754	1	65527665	G	A	-0.01	0.015	0.5048
1:65534351	rs1022981	1	65534351	G	A	-0.0097	0.015	0.5201
1:65690338	rs2211651	1	65690338	G	T	0.0012	0.0147	0.9344
1:67013915	rs2755242	1	67013915	T	C	0.0064	0.0148	0.6684
1:67047891	rs2208577	1	67047891	A	C	0.0033	0.0148	0.8236
1:67689010	rs685724	1	67689010	T	C	0.0031	0.0159	0.8443
1:67716032	rs654513	1	67716032	T	C	0.0024	0.0158	0.8789
1:77310168	rs9439799	1	77310168	T	C	-0.0022	0.0151	0.884
1:7732351	rs2301488	1	7732351	C	T	-0.005	0.0147	0.7318
1:8409729	rs2661868	1	8409729	C	T	-0.0503	0.0195	0.009909
1:87277364	rs12407239	1	87277364	A	G	-0.0146	0.0225	0.5164
1:87292675	rs7512896	1	87292675	A	C	-0.0079	0.0216	0.7159
1:8843872	rs12124851	1	8843872	A	G	0.0202	0.0158	0.2007
1:8857153	rs914994	1	8857153	G	T	0.0228	0.0158	0.1481
1:92500412	rs2031494	1	92500412	T	C	0.002	0.0176	0.9111
1:9269230	rs2071931	1	9269230	C	T	0.0093	0.0193	0.6285
1:9280979	rs916380	1	9280979	C	T	0.0083	0.0149	0.5805
1:93154836	rs1060622	1	93154836	G	A	0.031	0.0151	0.04082
1:94408965	rs6681849	1	94408965	G	T	0.0027	0.0147	0.8543
1:95231973	rs6671200	1	95231973	A	C	0.0307	0.0247	0.213
1:9648630	rs6540985	1	9648630	A	G	-0.002	0.0148	0.8953
20:10670064	rs7271215	20	10670064	G	A	0.0153	0.0224	0.4966
20:1537454	rs10485824	20	1537454	G	A	0.0206	0.0166	0.2141
20:1619878	rs1535882	20	1619878	T	C	-9e-04	0.0149	0.9521
20:16553167	rs6034527	20	16553167	T	C	-0.0106	0.0183	0.5631
20:19285135	rs6035270	20	19285135	G	T	0.0023	0.0158	0.8851
20:1939932	rs6045559	20	1939932	C	T	-0.0053	0.0163	0.7459
20:1940877	rs4814776	20	1940877	C	A	-0.0075	0.0163	0.6466
20:1943481	rs6132106	20	1943481	G	A	-0.0059	0.0174	0.7361
20:1950058	rs4470399	20	1950058	C	T	0.0062	0.0169	0.7142
20:1950936	rs6045615	20	1950936	A	C	-0.0026	0.016	0.8685
20:1986632	rs6045868	20	1986632	G	A	-0.0028	0.017	0.8684
20:19934607	rs16981330	20	19934607	G	T	-0.0443	0.0264	0.09282
20:21335516	rs202841	20	21335516	G	A	-0.052	0.0307	0.0901
20:2998282	rs6084229	20	2998282	T	C	-0.0051	0.0147	0.7301
20:32256733	rs4911087	20	32256733	G	A	-0.0279	0.0147	0.05713
20:32365359	rs6141294	20	32365359	T	C	-0.0293	0.0147	0.0459
20:32517586	rs6119879	20	32517586	C	T	-0.0084	0.0161	0.6025
20:32557005	rs6141319	20	32557005	A	G	0.0133	0.0148	0.3672
20:32566471	rs7268588	20	32566471	G	A	-0.0059	0.0157	0.7058
20:32605243	rs11167172	20	32605243	A	C	-0.0214	0.0171	0.2109
20:3650034	rs12930	20	3650034	A	C	0.003	0.0162	0.8526
20:36933066	rs6130139	20	36933066	T	C	-0.0054	0.0175	0.7558
20:39934603	rs2145943	20	39934603	A	G	-0.0081	0.0158	0.6071
20:40639545	rs6102074	20	40639545	G	T	0.0124	0.0148	0.4009
20:4160074	rs6139335	20	4160074	A	G	6e-04	0.0208	0.9782
20:4183636	rs1741327	20	4183636	A	G	0.0164	0.0168	0.3311
20:44196847	rs9875	20	44196847	T	C	-0.0073	0.0155	0.638
20:44197915	rs1971447	20	44197915	C	A	0.0136	0.0147	0.3548
20:44218054	rs4812799	20	44218054	G	A	-0.0289	0.0185	0.1186
20:44220049	rs13043397	20	44220049	C	T	-0.0088	0.0154	0.5706
20:44894193	rs6031855	20	44894193	C	T	0.0115	0.0175	0.5111
20:45092852	rs6124684	20	45092852	C	T	5e-04	0.0157	0.9757
20:45782248	rs7263437	20	45782248	G	A	-0.0038	0.0151	0.7992
20:45906012	rs6065904	20	45906012	G	A	-0.0216	0.0175	0.2174
20:46900932	rs2236519	20	46900932	G	A	0.0177	0.0152	0.245
20:48818502	rs752421	20	48818502	G	A	-0.0058	0.0166	0.7255
20:50270731	rs17196752	20	50270731	C	T	-4e-04	0.0174	0.9831
20:50484178	rs4811074	20	50484178	C	T	-0.0246	0.0154	0.1098
20:51518144	rs6021264	20	51518144	A	G	-0.0456	0.0322	0.1563
20:53567963	rs2766671	20	53567963	C	T	0.0291	0.0205	0.1563
20:53939438	rs6123328	20	53939438	T	C	0.0277	0.0163	0.08921
20:57400658	rs6014987	20	57400658	T	C	0.0237	0.0181	0.1904
20:57408017	rs11546710	20	57408017	C	T	0.0322	0.0201	0.1084
20:59024347	rs6070697	20	59024347	G	A	-0.0204	0.0163	0.2103
20:59139712	rs459588	20	59139712	A	C	-0.0023	0.0193	0.9058
20:59249254	rs259964	20	59249254	A	G	-0.0244	0.0148	0.09991
20:6642727	rs979012	20	6642727	T	C	0.0205	0.016	0.2007
20:8623946	rs6077396	20	8623946	G	A	-3e-04	0.0147	0.9845
20:8626746	rs4432538	20	8626746	G	A	-3e-04	0.0147	0.9829
21:15037568	rs2248589	21	15037568	G	T	-0.0135	0.0192	0.4844
21:15050282	rs2223041	21	15050282	C	T	0.0195	0.0154	0.2046
21:15204173	rs2823138	21	15204173	G	A	-0.0451	0.0169	0.007752
21:15440893	rs1736148	21	15440893	T	C	-2e-04	0.0149	0.9897
21:29059409	rs2243521	21	29059409	A	G	-0.0092	0.0236	0.6956
21:33067583	rs928736	21	33067583	C	T	0.0142	0.0161	0.3781
21:33683942	rs2251854	21	33683942	G	A	0.0088	0.0166	0.5937
21:33975659	rs743417	21	33975659	C	T	-0.0019	0.015	0.8998
21:34924881	rs4817699	21	34924881	T	C	0.0393	0.0223	0.07754
21:34996362	rs11702779	21	34996362	G	A	-0.0034	0.0151	0.8244
21:35027879	rs1883067	21	35027879	T	C	-0.0512	0.0235	0.02946
21:35322309	rs2834908	21	35322309	G	A	0.0552	0.0148	0.0001869
21:35391471	rs2898237	21	35391471	A	G	-0.0158	0.0157	0.3143
21:36683472	rs13048309	21	36683472	C	T	-0.027	0.0161	0.09382
21:36684248	rs2835436	21	36684248	G	A	-0.0269	0.0161	0.09461
21:37368522	rs12483205	21	37368522	A	G	0.0205	0.0163	0.2098
21:38102649	rs995717	21	38102649	A	G	-0.0033	0.0149	0.8247
21:38107830	rs8130567	21	38107830	A	G	-0.0035	0.0149	0.8139
21:38228810	rs2836221	21	38228810	A	G	-0.0019	0.015	0.9002
21:38477630	rs2836430	21	38477630	T	G	-0.0275	0.0253	0.2758
21:38486979	rs2212930	21	38486979	A	G	0.0252	0.015	0.09396
21:39093608	rs2836878	21	39093608	G	A	-0.023	0.017	0.1771
21:39376080	rs2836994	21	39376080	T	C	0.0041	0.0173	0.8122
21:39389619	rs2836999	21	39389619	T	G	-0.0104	0.0175	0.552
21:39392060	rs2837002	21	39392060	T	G	-0.01	0.0175	0.5668
21:43656492	rs2838340	21	43656492	A	G	0.0129	0.0153	0.4021
21:44835681	rs4818979	21	44835681	A	G	-0.0166	0.0167	0.3212
21:44837354	rs2838701	21	44837354	G	A	0.0395	0.0282	0.1613
22:17068636	rs5994155	22	17068636	C	A	0.019	0.0195	0.3303
22:17726847	rs4488761	22	17726847	A	G	0.0053	0.0146	0.7167
22:19985301	rs917478	22	19985301	T	C	0.0294	0.0149	0.04851
22:19999679	rs7285377	22	19999679	G	T	0.0259	0.0155	0.09523
22:21585386	rs5754217	22	21585386	G	T	0.0056	0.0157	0.7199
22:21610472	rs4821112	22	21610472	G	A	0.0049	0.0157	0.753
22:21628603	rs2298428	22	21628603	C	T	0.0037	0.0161	0.8203
22:24226680	rs2275984	22	24226680	T	C	0.0062	0.0163	0.7031
22:27785448	rs382819	22	27785448	A	C	0.0339	0.0172	0.04942
22:30098382	rs2412971	22	30098382	G	A	-0.0023	0.0147	0.8736
22:30129560	rs6519805	22	30129560	C	T	-0.0275	0.0262	0.2941
22:31202381	rs7285171	22	31202381	C	T	0.0025	0.0147	0.8671
22:31227456	rs5997919	22	31227456	A	G	4e-04	0.0147	0.9807
22:31336475	rs131209	22	31336475	A	G	-0.0033	0.0148	0.822
22:32490490	rs5749450	22	32490490	G	T	-0.0296	0.0152	0.05121
22:36362502	rs136211	22	36362502	A	G	0.0132	0.0153	0.3882
22:37073551	rs4820268	22	37073551	G	A	-0.0234	0.0148	0.1138
22:37157685	rs929022	22	37157685	A	C	0.056	0.0157	0.000359
22:37806545	rs1894644	22	37806545	T	C	-0.0375	0.0248	0.1297
22:39142209	rs139394	22	39142209	A	C	6e-04	0.0156	0.9693
22:39161157	rs139418	22	39161157	A	C	0.002	0.0147	0.8938
22:40203627	rs8137636	22	40203627	G	A	-0.0037	0.015	0.8068
22:40319299	rs139914	22	40319299	A	G	-0.0066	0.0149	0.6595
22:42725420	rs12166331	22	42725420	G	A	0.0163	0.0161	0.3116
22:42991705	rs972579	22	42991705	T	C	0.0145	0.0146	0.3217
22:43937814	rs2896019	22	43937814	T	G	-0.0136	0.0174	0.4347
22:43940218	rs1010023	22	43940218	T	C	-0.0139	0.0174	0.4242
22:45234827	rs9615076	22	45234827	C	T	0.0163	0.0146	0.2662
22:45242654	rs5766584	22	45242654	G	T	0.0159	0.0147	0.2813
22:45611743	rs6519866	22	45611743	C	T	0.0031	0.0147	0.8339
22:46219479	rs4253755	22	46219479	G	A	-0.0285	0.0269	0.2895
2:100148615	rs2009094	2	100148615	G	A	-0.0413	0.0157	0.008666
2:101083132	rs2309938	2	101083132	A	C	-0.0069	0.0146	0.6399
2:101113826	rs6543018	2	101113826	C	T	-0.0037	0.0157	0.8136
2:102338193	rs13431828	2	102338193	C	T	-0.1106	0.0199	2.535e-08
2:102341256	rs1420101	2	102341256	C	T	0.0825	0.0156	1.335e-07
2:102357957	rs12998521	2	102357957	G	T	0.0662	0.0149	9.423e-06
2:102369762	rs3771166	2	102369762	G	A	-0.0654	0.0149	1.176e-05
2:102454108	rs917997	2	102454108	T	C	0.0019	0.0187	0.9184
2:105845800	rs6543342	2	105845800	T	C	-0.0034	0.0156	0.8263
2:108492004	rs2577599	2	108492004	T	C	6e-04	0.0158	0.9713
2:111114320	rs1439287	2	111114320	G	A	0.0498	0.0147	0.0006913
2:111155479	rs13405741	2	111155479	T	C	0.1334	0.0259	2.738e-07
2:111186213	rs7565473	2	111186213	G	A	0.0519	0.0147	0.0004155
2:112840678	rs12621220	2	112840678	C	T	0.0188	0.0157	0.2286
2:113136761	rs315943	2	113136761	G	A	-0.0068	0.0159	0.6679
2:113215368	rs752590	2	113215368	A	G	0.0219	0.0165	0.1849
2:120257013	rs1370379	2	120257013	C	T	0.0032	0.015	0.8332
2:121218978	rs6541772	2	121218978	G	A	0.0044	0.0282	0.8749
2:12809998	rs1469217	2	12809998	T	C	-0.0032	0.0149	0.829
2:142988231	rs7607734	2	142988231	A	G	-0.052	0.0272	0.05626
2:144571309	rs13413446	2	144571309	T	C	-0.008	0.0188	0.6716
2:144583692	rs16823886	2	144583692	G	A	-0.0071	0.0191	0.7101
2:144611285	rs2162571	2	144611285	G	A	0.0183	0.0185	0.3211
2:147905999	rs12987286	2	147905999	G	T	0.0012	0.0155	0.9385
2:147958859	rs2307394	2	147958859	T	C	0.0016	0.0155	0.9166
2:151519421	rs13391309	2	151519421	C	T	0.0057	0.0157	0.7183
2:151542058	rs6735678	2	151542058	G	A	0.0057	0.0157	0.7143
2:151544797	rs9287983	2	151544797	C	A	0.0066	0.0155	0.6684
2:152425861	rs7600624	2	152425861	A	G	0.039	0.017	0.02192
2:157663290	rs2848649	2	157663290	G	A	0.0325	0.0238	0.1722
2:159716326	rs7582124	2	159716326	T	C	0.004	0.0154	0.7936
2:159819916	rs12692566	2	159819916	C	A	0.0018	0.018	0.9199
2:160460949	rs6742799	2	160460949	A	C	-0.0407	0.0184	0.02709
2:162254026	rs2111485	2	162254026	A	G	-0.0348	0.0148	0.01905
2:16439867	rs6746008	2	16439867	G	T	0.0116	0.0148	0.4317
2:16443069	rs7563815	2	16443069	C	T	0.0099	0.0161	0.5392
2:164656581	rs10195252	2	164656581	T	C	0.0012	0.0153	0.935
2:164692059	rs10490694	2	164692059	G	A	0.0219	0.0248	0.3765
2:164694691	rs7607980	2	164694691	T	C	0.0207	0.0248	0.4046
2:164781560	rs355900	2	164781560	T	C	-0.011	0.0147	0.4571
2:168864871	rs3931	2	168864871	A	G	0.0145	0.015	0.3336
2:171138555	rs7579424	2	171138555	T	C	-0.0277	0.0167	0.0962
2:176120968	rs711819	2	176120968	T	C	-0.0031	0.0172	0.8574
2:181443625	rs6740847	2	181443625	A	G	-0.0104	0.015	0.4849
2:181511107	rs1037624	2	181511107	T	C	-0.0154	0.0161	0.3363
2:181514996	rs12469449	2	181514996	T	C	-0.01	0.0154	0.5169
2:189511767	rs11680808	2	189511767	A	G	0.0069	0.016	0.6662
2:190863678	rs2355575	2	190863678	T	G	-0.0054	0.0187	0.775
2:191852122	rs6434514	2	191852122	G	T	0.0054	0.0148	0.7137
2:196120033	rs7575006	2	196120033	T	C	0.0189	0.0209	0.3644
2:197006084	rs2376211	2	197006084	A	G	0.0015	0.0163	0.9245
2:201279205	rs10931936	2	201279205	T	C	-0.0092	0.0157	0.5551
2:201298088	rs13016963	2	201298088	A	G	-0.0141	0.0151	0.3517
2:202333424	rs6735994	2	202333424	A	G	0.002	0.016	0.8991
2:206011535	rs817992	2	206011535	A	G	0.0111	0.0161	0.4879
2:206046504	rs2909111	2	206046504	G	A	0.0108	0.0161	0.5029
2:207145195	rs3791994	2	207145195	A	G	-0.005	0.0163	0.7579
2:210704675	rs12613336	2	210704675	T	C	-0.0068	0.016	0.67
2:212810062	rs9288456	2	212810062	T	C	-0.003	0.0202	0.8838
2:212824774	rs4260187	2	212824774	A	G	0.005	0.0188	0.7897
2:212959321	rs12619285	2	212959321	A	G	-0.0248	0.0164	0.1305
2:215594251	rs4672775	2	215594251	A	C	-0.0351	0.0182	0.05376
2:217809974	rs918949	2	217809974	C	T	0.0015	0.0148	0.9201
2:218124051	rs4674257	2	218124051	A	G	0.0027	0.0148	0.8537
2:218126282	rs4674259	2	218126282	G	A	0.0027	0.0148	0.8535
2:218229211	rs17572109	2	218229211	G	A	-0.0064	0.0202	0.7497
2:218255532	rs736730	2	218255532	C	T	0.005	0.0156	0.747
2:223057053	rs2017069	2	223057053	A	G	0.0469	0.0394	0.2342
2:223072020	rs1440072	2	223072020	C	T	0.0627	0.0376	0.09534
2:223089891	rs7594650	2	223089891	C	T	-0.0165	0.0222	0.4585
2:223130563	rs958753	2	223130563	A	C	-0.0045	0.0238	0.8489
2:224875270	rs6713674	2	224875270	T	C	0.0017	0.0238	0.9423
2:224886576	rs2304334	2	224886576	A	G	0.0031	0.0213	0.8859
2:224892064	rs13400582	2	224892064	A	G	0.003	0.0213	0.8865
2:226399061	rs12185566	2	226399061	A	G	0.0084	0.0148	0.5684
2:226431356	rs12694698	2	226431356	G	A	0.0072	0.0148	0.627
2:230249416	rs9989899	2	230249416	G	A	0.0433	0.0217	0.04634
2:231715085	rs6755895	2	231715085	T	C	-0.0167	0.0178	0.3486
2:233184389	rs6740918	2	233184389	G	A	-0.0242	0.0218	0.2672
2:233207093	rs14243	2	233207093	A	G	-0.0228	0.0196	0.2446
2:233358196	rs13035837	2	233358196	C	T	-0.0188	0.0269	0.4834
2:23668043	rs12616649	2	23668043	G	A	-0.018	0.0243	0.4594
2:23676937	rs6713865	2	23676937	A	G	-0.0217	0.0227	0.3391
2:236852140	rs6431485	2	236852140	T	C	-0.0101	0.0183	0.5817
2:238174335	rs2880132	2	238174335	G	A	0.0056	0.0151	0.7077
2:23932608	rs6751655	2	23932608	A	G	-0.0363	0.025	0.1472
2:240395956	rs6758836	2	240395956	A	C	-0.0043	0.0148	0.7727
2:240428048	rs6437343	2	240428048	A	G	-0.0104	0.0147	0.4815
2:240537656	rs4676430	2	240537656	T	C	0.0317	0.0162	0.05046
2:25268187	rs7583409	2	25268187	A	G	-0.0206	0.0159	0.195
2:25679954	rs11694020	2	25679954	C	A	0.0051	0.0149	0.7309
2:25797597	rs7563012	2	25797597	C	T	0.0165	0.0147	0.2599
2:26070544	rs2053367	2	26070544	T	C	0.0185	0.0181	0.3077
2:27508073	rs1260326	2	27508073	T	C	5e-04	0.0154	0.9752
2:28463465	rs1581035	2	28463465	G	A	-0.0241	0.0147	0.1007
2:31236878	rs1540926	2	31236878	C	T	0.0124	0.0157	0.428
2:36951112	rs10490657	2	36951112	C	T	0.0054	0.015	0.7166
2:37821528	rs4670780	2	37821528	G	T	8e-04	0.0162	0.9628
2:40414559	rs6705173	2	40414559	T	C	-0.0112	0.0189	0.5534
2:40415283	rs4952621	2	40415283	G	A	-0.0293	0.0165	0.07486
2:43194322	rs12614953	2	43194322	T	C	0.0165	0.0147	0.2618
2:43382888	rs13408002	2	43382888	C	T	-0.0109	0.0348	0.7534
2:46126027	rs10495928	2	46126027	A	G	0.0148	0.0164	0.365
2:46138781	rs12992366	2	46138781	G	A	0.0067	0.0319	0.8341
2:48290413	rs11679518	2	48290413	T	C	0.0118	0.0215	0.583
2:54792146	rs11893827	2	54792146	G	T	-0.0017	0.0292	0.9547
2:54834995	rs11674173	2	54834995	G	A	-0.0124	0.0314	0.6925
2:58731393	rs17049709	2	58731393	A	G	0.0197	0.0225	0.38
2:58838673	rs7593324	2	58838673	G	A	0.0132	0.0253	0.6008
2:60394508	rs243067	2	60394508	G	T	-0.0311	0.0151	0.0388
2:60493454	rs10195871	2	60493454	A	G	-0.002	0.015	0.8966
2:61411817	rs4672441	2	61411817	T	C	0.0037	0.0148	0.8028
2:62500019	rs7582882	2	62500019	C	T	-0.0018	0.0261	0.9451
2:64662774	rs6750065	2	64662774	C	T	0.009	0.0174	0.6056
2:64678595	rs4671606	2	64678595	T	C	0.0099	0.0175	0.5734
2:64733902	rs6744311	2	64733902	A	G	0.0137	0.0162	0.4
2:64733993	rs6747207	2	64733993	A	G	0.0133	0.0163	0.4149
2:65424222	rs7583469	2	65424222	T	C	-0.0053	0.0153	0.7287
2:65437216	rs1437466	2	65437216	C	T	-0.0106	0.0155	0.4929
2:65438507	rs2860773	2	65438507	G	T	-0.0104	0.0155	0.5012
2:66438014	rs2280334	2	66438014	T	C	0.0137	0.0155	0.3762
2:68394206	rs17530191	2	68394206	G	T	0.0258	0.0157	0.1007
2:68752170	rs2280244	2	68752170	G	A	0.0115	0.017	0.4983
2:69889942	rs2054046	2	69889942	T	C	-0.0093	0.0167	0.5769
2:69944984	rs11686934	2	69944984	A	G	-0.0158	0.0147	0.2818
2:74056601	rs6745236	2	74056601	C	T	-0.0115	0.0175	0.5103
2:74078929	rs10164943	2	74078929	G	A	-0.0073	0.0175	0.6778
2:7474132	rs12105729	2	7474132	A	G	-0.0034	0.0188	0.8587
2:8300216	rs10207297	2	8300216	T	C	0.0044	0.0147	0.7642
2:8302118	rs10174949	2	8302118	G	A	-0.0101	0.0154	0.5123
2:8303673	rs10178845	2	8303673	G	A	-0.0098	0.0154	0.5258
2:8613139	rs12993630	2	8613139	C	T	-0.0227	0.0151	0.1324
2:86767596	rs938486	2	86767596	C	T	0.0052	0.0158	0.7404
2:96494645	rs6753667	2	96494645	G	A	-0.0031	0.0154	0.8389
2:96518423	rs2708975	2	96518423	G	A	-0.0104	0.0148	0.4798
3:107514250	rs10511260	3	107514250	T	G	0.0374	0.0162	0.02109
3:107598091	rs9288851	3	107598091	A	G	0.0175	0.021	0.4039
3:112353087	rs2399422	3	112353087	G	A	0.0033	0.0168	0.8457
3:112970690	rs1392785	3	112970690	T	C	-3e-04	0.0148	0.9831
3:12226148	rs7616006	3	12226148	A	G	-0.0034	0.0151	0.8227
3:12233786	rs13070844	3	12233786	G	A	-0.0155	0.016	0.3327
3:123128034	rs9820435	3	123128034	C	T	-0.0053	0.015	0.7223
3:123132091	rs3792382	3	123132091	T	C	-0.0055	0.015	0.7153
3:123378084	rs17360897	3	123378084	A	C	7e-04	0.0166	0.9687
3:126537826	rs6783962	3	126537826	T	G	-0.0282	0.0151	0.06162
3:128409411	rs3828417	3	128409411	A	G	-0.0777	0.0347	0.02501
3:128436015	rs1876284	3	128436015	A	G	-0.0277	0.0149	0.06279
3:132559022	rs2270801	3	132559022	G	A	-0.0194	0.0213	0.3627
3:132661908	rs10935027	3	132661908	G	A	-0.0146	0.0208	0.4818
3:133765185	rs3811647	3	133765185	G	A	0.0052	0.0159	0.7457
3:136887429	rs9846691	3	136887429	T	C	0.0388	0.0158	0.01387
3:141422126	rs9846396	3	141422126	C	T	0.0128	0.0147	0.3856
3:142544970	rs13085998	3	142544970	T	C	-0.0084	0.0147	0.5688
3:142562770	rs2227928	3	142562770	A	G	-0.0046	0.0147	0.7549
3:142618588	rs2049325	3	142618588	A	G	-0.0023	0.0147	0.8736
3:142628915	rs1983434	3	142628915	A	G	-0.002	0.0147	0.8895
3:142991222	rs4683441	3	142991222	A	G	-0.0039	0.0149	0.7953
3:142998079	rs1814565	3	142998079	T	C	-0.0035	0.0153	0.8177
3:143011932	rs2124541	3	143011932	T	G	-0.0022	0.0156	0.8897
3:143028034	rs1449868	3	143028034	C	T	-0.0021	0.0156	0.8915
3:143054220	rs7652745	3	143054220	C	T	-0.0033	0.0158	0.8357
3:143062780	rs9862433	3	143062780	T	C	-0.0017	0.0156	0.9119
3:151328520	rs1466684	3	151328520	G	A	-0.0459	0.0198	0.02027
3:15717733	rs2455837	3	15717733	C	T	-0.0282	0.0163	0.08412
3:15718833	rs2455838	3	15718833	C	T	-0.0282	0.0163	0.0841
3:15735177	rs2654649	3	15735177	A	G	-0.0277	0.0163	0.0903
3:167665843	rs9836628	3	167665843	G	A	-0.0046	0.0159	0.7714
3:167668214	rs7356021	3	167668214	A	C	-0.0056	0.0161	0.7287
3:167725368	rs6769769	3	167725368	T	C	-0.0068	0.0161	0.6734
3:16857519	rs11929434	3	16857519	G	T	-0.0056	0.0199	0.7771
3:16869827	rs9852648	3	16869827	A	G	-9e-04	0.0162	0.9555
3:169111208	rs6804720	3	169111208	C	A	-0.023	0.0148	0.1205
3:169114875	rs6784803	3	169114875	T	C	-0.0233	0.0148	0.1158
3:16929446	rs9821630	3	16929446	A	G	0.0105	0.015	0.485
3:169791864	rs1997392	3	169791864	C	T	-0.0147	0.0162	0.3665
3:171108131	rs2291900	3	171108131	G	A	-0.0292	0.0153	0.05725
3:171785851	rs9849306	3	171785851	A	G	0.0478	0.0232	0.03968
3:172066946	rs16856859	3	172066946	A	G	0.0051	0.0149	0.7326
3:179020644	rs6790867	3	179020644	T	C	0.035	0.0184	0.05712
3:18276637	rs7427439	3	18276637	A	G	0.0232	0.0172	0.1784
3:182795926	rs10937101	3	182795926	T	G	0.0141	0.0157	0.3687
3:182803355	rs12696498	3	182803355	G	T	0.0129	0.0157	0.4084
3:183868217	rs3749446	3	183868217	C	T	0.0272	0.0149	0.06747
3:183990617	rs12634398	3	183990617	A	G	0.02	0.0162	0.2164
3:184027875	rs939335	3	184027875	A	G	0.0181	0.0148	0.2229
3:184175731	rs843346	3	184175731	C	T	-0.0253	0.016	0.1127
3:184321181	rs4912537	3	184321181	C	T	-0.014	0.016	0.3821
3:184347128	rs2293603	3	184347128	C	A	-0.0087	0.0217	0.6896
3:185772946	rs7648605	3	185772946	T	G	0.0236	0.0162	0.1444
3:185807411	rs13060777	3	185807411	A	G	0.0207	0.0162	0.2023
3:186912218	rs6767800	3	186912218	C	T	0.003	0.0165	0.8568
3:186938746	rs3864105	3	186938746	A	G	-0.0089	0.0148	0.5444
3:187684590	rs6765474	3	187684590	A	C	0.0155	0.0154	0.3139
3:188369840	rs9851967	3	188369840	C	T	0.0061	0.0149	0.6841
3:188708468	rs9877192	3	188708468	A	G	0.0575	0.0187	0.002073
3:188738183	rs6763591	3	188738183	T	C	0.037	0.0173	0.032
3:194451775	rs13082706	3	194451775	A	C	0.002	0.0176	0.9083
3:194469697	rs9874152	3	194469697	T	G	0.0031	0.0176	0.8609
3:194682849	rs1773225	3	194682849	A	G	-0.0114	0.0149	0.4433
3:194966602	rs6770825	3	194966602	G	A	-0.0347	0.0147	0.018
3:196050105	rs406271	3	196050105	T	C	-0.0175	0.0151	0.2466
3:196082693	rs6583288	3	196082693	A	G	-0.0035	0.0176	0.844
3:196089324	rs12490036	3	196089324	C	T	-0.0095	0.0146	0.517
3:196774542	rs2089979	3	196774542	A	G	-0.0086	0.0148	0.5598
3:20303280	rs4857936	3	20303280	T	G	0.0174	0.0189	0.3559
3:24309320	rs9310736	3	24309320	A	G	0.0094	0.0155	0.5428
3:27747289	rs11129295	3	27747289	C	T	0.0078	0.0153	0.6076
3:28277256	rs4680906	3	28277256	G	A	0.0073	0.0229	0.749
3:28538297	rs4398387	3	28538297	A	G	0.0037	0.0152	0.807
3:3069774	rs340833	3	3069774	G	A	0.0012	0.0148	0.9342
3:3115367	rs1153462	3	3115367	C	T	-0.0032	0.0146	0.827
3:3158107	rs1672766	3	3158107	G	A	0.0077	0.0169	0.6499
3:3168348	rs3792414	3	3168348	T	G	-0.0024	0.0186	0.8984
3:33038864	rs4277638	3	33038864	G	A	0.0254	0.0156	0.1045
3:33109337	rs4678681	3	33109337	G	A	0.0118	0.015	0.4319
3:37012077	rs1799977	3	37012077	A	G	0.0227	0.016	0.1556
3:37951049	rs6791072	3	37951049	T	C	0.0155	0.0234	0.5062
3:38230390	rs6599079	3	38230390	C	T	0.0166	0.0219	0.4478
3:39265671	rs3732378	3	39265671	G	A	0.0015	0.0199	0.9406
3:42831098	rs7433284	3	42831098	G	A	0.0346	0.0153	0.02429
3:42868195	rs11715464	3	42868195	A	G	-0.0279	0.0149	0.06035
3:46173193	rs2172246	3	46173193	C	A	0.0064	0.0168	0.7042
3:50467964	rs2236989	3	50467964	C	T	-0.0072	0.0165	0.6636
3:52333916	rs4687612	3	52333916	A	G	0.0382	0.0199	0.05519
3:56258801	rs13068081	3	56258801	C	A	-0.0161	0.0196	0.412
3:56737223	rs3772219	3	56737223	A	C	-0.003	0.0162	0.8558
3:58040176	rs1718481	3	58040176	C	T	-0.0101	0.0149	0.4985
3:58346341	rs4681679	3	58346341	A	G	-0.0112	0.017	0.5108
3:58420220	rs11130638	3	58420220	A	G	0.012	0.017	0.4785
3:66397883	rs12633819	3	66397883	A	G	-0.0075	0.0164	0.646
3:69759487	rs13073599	3	69759487	A	G	0.013	0.0148	0.378
3:69830172	rs6805563	3	69830172	G	A	0.0116	0.0148	0.4345
3:71207158	rs17699658	3	71207158	C	T	-0.0153	0.0162	0.3446
3:71328341	rs13065403	3	71328341	A	C	-0.0172	0.02	0.3899
3:71390321	rs9815974	3	71390321	G	A	-0.027	0.0151	0.07477
3:71760246	rs11716884	3	71760246	A	C	0.0067	0.0195	0.7296
3:72242807	rs4677119	3	72242807	A	G	-0.0123	0.0162	0.4464
3:72349453	rs9870681	3	72349453	C	T	0.0099	0.0195	0.6114
3:88141659	rs7432838	3	88141659	C	T	0.0397	0.0192	0.03894
4:102513096	rs3774937	4	102513096	T	C	-1e-04	0.0153	0.9938
4:102657480	rs228614	4	102657480	G	A	0.0155	0.0146	0.2892
4:105154341	rs2189234	4	105154341	T	G	-0.0066	0.0151	0.6634
4:105176182	rs6818637	4	105176182	T	C	-0.0047	0.0157	0.7656
4:109980042	rs2237051	4	109980042	G	A	-0.0109	0.0154	0.4761
4:114637085	rs6533803	4	114637085	T	C	0.0568	0.0166	0.0006439
4:119247433	rs13139045	4	119247433	T	C	0.009	0.0158	0.5703
4:121828924	rs13145213	4	121828924	C	T	-0.0013	0.0149	0.9284
4:122702738	rs1026157	4	122702738	T	G	0.0087	0.0213	0.6829
4:123789429	rs7692299	4	123789429	C	T	0.012	0.0217	0.5788
4:142402883	rs1982965	4	142402883	T	C	-0.0063	0.0169	0.7094
4:143908753	rs10857415	4	143908753	C	T	-0.0087	0.0155	0.573
4:144112379	rs4425323	4	144112379	A	G	-0.0137	0.0149	0.3576
4:144683873	rs2575580	4	144683873	A	G	0.0097	0.0252	0.7011
4:145163275	rs3775801	4	145163275	A	C	-0.0153	0.0149	0.3061
4:147524277	rs10008744	4	147524277	A	C	0.0068	0.0202	0.7361
4:151410968	rs2709826	4	151410968	G	T	0.0072	0.0147	0.6226
4:151528974	rs1443088	4	151528974	G	A	0.0083	0.0147	0.5723
4:152939020	rs1105889	4	152939020	G	A	-0.0331	0.0147	0.02441
4:153024168	rs17029499	4	153024168	A	G	-0.0022	0.0147	0.883
4:153470288	rs10028187	4	153470288	A	G	-0.038	0.0152	0.01239
4:156864302	rs6811964	4	156864302	G	A	0.0266	0.0326	0.4151
4:15688305	rs4235380	4	15688305	G	A	0.011	0.0156	0.4824
4:23745081	rs1491384	4	23745081	A	G	0.0203	0.0157	0.1963
4:3283024	rs6446731	4	3283024	G	A	0.0036	0.0164	0.8262
4:38108226	rs1344603	4	38108226	T	C	0.0016	0.0156	0.9178
4:38131378	rs633059	4	38131378	A	G	-0.014	0.0164	0.3914
4:38359432	rs768131	4	38359432	A	C	-0.0145	0.0148	0.3281
4:38592102	rs6811246	4	38592102	G	A	0.0214	0.0154	0.1644
4:38610736	rs1962053	4	38610736	A	C	-0.0042	0.0193	0.8285
4:38638087	rs12499028	4	38638087	C	A	-0.0028	0.0193	0.8853
4:38910863	rs11730661	4	38910863	A	G	-0.0087	0.019	0.6484
4:48074231	rs2279965	4	48074231	A	G	0.0091	0.0172	0.596
4:48190168	rs16861108	4	48190168	A	G	0.0193	0.0319	0.545
4:54528005	rs218237	4	54528005	C	T	0.0434	0.0204	0.03337
4:56915588	rs781663	4	56915588	A	G	-0.0404	0.0173	0.01975
4:56931248	rs3796529	4	56931248	C	T	-0.0399	0.0173	0.02115
4:6866725	rs10022837	4	6866725	T	C	-0.0195	0.0147	0.1837
4:6876175	rs6828754	4	6876175	C	T	-0.0229	0.0147	0.1199
4:7037470	rs3857175	4	7037470	G	A	0.024	0.0184	0.1911
4:7053876	rs4689064	4	7053876	A	G	0.0262	0.0184	0.154
4:710024	rs4690187	4	710024	C	T	0.0225	0.0168	0.181
4:71742666	rs2282679	4	71742666	T	G	-0.0147	0.0184	0.4239
4:74099557	rs3806792	4	74099557	T	C	0.0158	0.0154	0.3052
4:74105479	rs549280	4	74105479	G	A	0.0196	0.0155	0.2058
4:76489165	rs4859682	4	76489165	C	A	0.0164	0.0147	0.2642
4:78708196	rs7694971	4	78708196	T	G	0.0082	0.0148	0.579
4:78723125	rs6533951	4	78723125	A	G	-0.0036	0.015	0.8094
4:80005847	rs12504282	4	80005847	C	T	-0.0129	0.0151	0.3938
4:80012154	rs7662083	4	80012154	G	A	-0.0137	0.0151	0.365
4:80243569	rs1458038	4	80243569	C	T	0.0077	0.0155	0.6203
4:82643997	rs6813901	4	82643997	G	A	-0.0013	0.0173	0.9411
4:82655676	rs6822801	4	82655676	G	A	-0.0017	0.0173	0.9235
4:83022907	rs12643434	4	83022907	T	C	-0.0293	0.0181	0.1062
4:83226254	rs2868729	4	83226254	A	G	-0.0024	0.0166	0.8857
4:87039705	rs10516788	4	87039705	A	G	-0.0303	0.0171	0.07593
4:87055026	rs6819155	4	87055026	G	A	-0.0315	0.0171	0.06536
4:87064014	rs3775228	4	87064014	C	T	-0.03	0.015	0.04503
4:87067356	rs236681	4	87067356	T	G	-0.0343	0.0147	0.01988
4:87128698	rs1037814	4	87128698	T	C	-0.0217	0.0147	0.1392
4:89302194	rs1814762	4	89302194	C	T	0.0179	0.0159	0.2622
4:94529619	rs3805288	4	94529619	C	T	-0.0346	0.0189	0.0668
4:9937345	rs4447863	4	9937345	T	C	-0.0103	0.0147	0.4805
5:103225140	rs246912	5	103225140	A	C	-0.0013	0.016	0.9352
5:10624754	rs10062687	5	10624754	T	G	0.0322	0.018	0.07357
5:1097166	rs4975593	5	1097166	T	C	-0.0087	0.0149	0.5613
5:1103380	rs6894574	5	1103380	T	C	5e-04	0.0168	0.9779
5:111068487	rs17551370	5	111068487	G	A	-0.0257	0.0214	0.2296
5:111072481	rs10062929	5	111072481	C	A	-0.0256	0.0214	0.2314
5:111099792	rs2416257	5	111099792	C	T	-0.0276	0.0213	0.1943
5:1113129	rs4580814	5	1113129	G	T	0.0095	0.015	0.5251
5:111701048	rs10515434	5	111701048	G	A	-0.0508	0.0385	0.1877
5:122753195	rs922140	5	122753195	A	G	0.0391	0.0158	0.01357
5:122766747	rs1545696	5	122766747	A	G	0.0443	0.0151	0.003324
5:125017906	rs6595569	5	125017906	G	A	0.0038	0.0155	0.8058
5:125018482	rs6859102	5	125018482	C	T	0.006	0.0156	0.7012
5:126793551	rs2036847	5	126793551	T	C	-0.005	0.0178	0.7801
5:126825574	rs3828699	5	126825574	A	C	-0.0054	0.0175	0.7596
5:128014857	rs3749748	5	128014857	C	T	0.0168	0.0203	0.4074
5:128162688	rs790155	5	128162688	C	T	0.0283	0.0232	0.2228
5:132316836	rs11950562	5	132316836	A	C	-0.0978	0.0155	2.693e-10
5:132435113	rs2188962	5	132435113	C	T	-0.1051	0.0158	2.69e-11
5:132484229	rs2070729	5	132484229	C	A	0.0825	0.0147	1.881e-08
5:132565533	rs2244012	5	132565533	A	G	0.0446	0.0168	0.007775
5:134492665	rs7701346	5	134492665	A	G	0.01	0.0153	0.5104
5:134494299	rs4958241	5	134494299	C	A	0.0045	0.0152	0.7653
5:139684143	rs2336880	5	139684143	G	A	0.0043	0.016	0.7909
5:141577899	rs2074914	5	141577899	A	C	-0.0233	0.0173	0.1766
5:142143435	rs1062158	5	142143435	C	T	0.0389	0.0154	0.0115
5:143056183	rs6580266	5	143056183	G	A	0.0135	0.0155	0.3837
5:143056587	rs7734364	5	143056587	C	T	0.0135	0.0155	0.3842
5:148820990	rs2082382	5	148820990	G	A	0.0117	0.0153	0.4433
5:150088100	rs6874087	5	150088100	G	A	0.0196	0.0164	0.2323
5:150120109	rs246395	5	150120109	T	C	0.0286	0.0179	0.1091
5:151076171	rs3792783	5	151076171	A	G	0.0049	0.0204	0.8114
5:151078585	rs10036748	5	151078585	C	T	0.0067	0.0165	0.6829
5:151462245	rs357611	5	151462245	T	C	-0.0112	0.0153	0.4648
5:151476546	rs165352	5	151476546	T	G	-0.0073	0.0151	0.6276
5:154005673	rs869737	5	154005673	C	T	0.0031	0.0151	0.8361
5:154027837	rs7704562	5	154027837	A	G	-0.0256	0.0148	0.08404
5:154033830	rs2578377	5	154033830	C	T	0.0034	0.0151	0.8207
5:154673689	rs7723312	5	154673689	A	G	0.0149	0.0207	0.4731
5:154676442	rs13186731	5	154676442	C	T	-0.0152	0.0207	0.4631
5:157050529	rs1393209	5	157050529	G	A	-0.0082	0.0203	0.687
5:159177955	rs10076782	5	159177955	G	A	0.0059	0.0171	0.7308
5:159229633	rs17056626	5	159229633	T	C	0.006	0.0171	0.7244
5:160163996	rs7378736	5	160163996	C	T	0.0135	0.0216	0.532
5:172142189	rs872305	5	172142189	T	C	-0.0048	0.0147	0.7415
5:172145573	rs3776754	5	172145573	G	T	-0.0043	0.0147	0.7708
5:173649220	rs11740316	5	173649220	G	A	0.0017	0.0147	0.9058
5:173778222	rs791357	5	173778222	T	C	0.002	0.0164	0.9014
5:173860848	rs875741	5	173860848	G	A	0.0134	0.0158	0.398
5:173907789	rs2594867	5	173907789	G	A	0.0115	0.0161	0.4747
5:176153163	rs6879584	5	176153163	A	G	-0.0099	0.0151	0.5125
5:177210239	rs3733875	5	177210239	G	T	0.0064	0.0188	0.7343
5:178179418	rs6897795	5	178179418	G	A	-0.0195	0.0199	0.3251
5:178213863	rs12522289	5	178213863	A	G	-0.0073	0.0225	0.7449
5:179739973	rs10516146	5	179739973	A	G	0.0134	0.0146	0.3603
5:34509720	rs10066990	5	34509720	G	A	0.0091	0.0147	0.5357
5:34663810	rs448182	5	34663810	G	A	-0.002	0.015	0.8916
5:35876172	rs3194051	5	35876172	A	G	0.0309	0.016	0.05298
5:35881274	rs11742240	5	35881274	G	T	-0.0518	0.0155	0.0008373
5:38955694	rs2043112	5	38955694	G	A	-4e-04	0.0147	0.9775
5:39053445	rs12233987	5	39053445	T	C	4e-04	0.0146	0.9803
5:40622951	rs2221489	5	40622951	T	C	-0.0074	0.0227	0.7461
5:43497803	rs6895327	5	43497803	G	A	0.0173	0.0147	0.2402
5:43584787	rs11949083	5	43584787	A	G	0.0173	0.0148	0.2406
5:457146	rs11749327	5	457146	C	A	-0.0199	0.0165	0.2278
5:52801055	rs1499280	5	52801055	C	A	0.0406	0.0289	0.1605
5:52832046	rs1862610	5	52832046	G	T	0.0412	0.0187	0.02771
5:54332877	rs4865815	5	54332877	G	A	0.0115	0.0218	0.5995
5:54357827	rs2194232	5	54357827	G	A	0.0104	0.022	0.637
5:56271260	rs13328207	5	56271260	G	A	0.0261	0.0261	0.3181
5:58013245	rs11749915	5	58013245	C	T	-0.0238	0.0184	0.1956
5:606269	rs16900924	5	606269	C	T	0.0138	0.0414	0.7382
5:60807625	rs10062839	5	60807625	C	T	-0.0279	0.0184	0.1289
5:62267759	rs1995782	5	62267759	G	A	-0.0058	0.0147	0.6918
5:62273342	rs12659814	5	62273342	T	C	-0.0056	0.0147	0.7032
5:66620956	rs10940072	5	66620956	G	A	0.0107	0.0151	0.4782
5:68278091	rs17318918	5	68278091	T	C	0.0071	0.022	0.746
5:68279814	rs3815701	5	68279814	A	G	0.006	0.0168	0.7196
5:69300476	rs6450029	5	69300476	C	A	-0.0052	0.0148	0.7258
5:69320504	rs10471774	5	69320504	C	T	-0.0073	0.0148	0.6203
5:69329959	rs12187268	5	69329959	T	C	-0.0119	0.015	0.4241
5:69352943	rs9291949	5	69352943	G	A	0.0146	0.0147	0.3199
5:72394515	rs11750874	5	72394515	A	C	0.0245	0.0226	0.2779
5:72445267	rs6452473	5	72445267	T	G	0.0149	0.022	0.4992
5:72765713	rs6897924	5	72765713	A	G	0.0428	0.0179	0.01646
5:75355259	rs3846662	5	75355259	A	G	-0.0192	0.0147	0.1907
5:75491485	rs6896136	5	75491485	T	C	-0.0157	0.0147	0.2866
5:76306878	rs2937746	5	76306878	A	C	-0.0334	0.0231	0.1486
5:76426844	rs11749318	5	76426844	T	C	-0.0086	0.0149	0.5648
5:76731998	rs153311	5	76731998	A	C	-0.0166	0.0173	0.3372
5:76935368	rs11747190	5	76935368	C	A	-0.0232	0.0291	0.4265
5:77685984	rs16874482	5	77685984	G	T	0.027	0.0239	0.2585
5:78367612	rs10065260	5	78367612	C	A	0.0051	0.0147	0.7274
5:78515485	rs7711188	5	78515485	C	A	0.0154	0.016	0.3374
5:78518978	rs7713690	5	78518978	T	C	0.0057	0.0158	0.7187
5:88891137	rs3850653	5	88891137	A	G	-0.001	0.0181	0.9572
5:89042972	rs1158464	5	89042972	G	A	-0.0301	0.0175	0.08454
5:90955388	rs949787	5	90955388	G	T	-0.0269	0.0156	0.08395
5:95807894	rs11135434	5	95807894	C	T	-0.0055	0.0147	0.7065
5:95853411	rs10515230	5	95853411	G	A	-0.001	0.0304	0.9747
5:98804016	rs331934	5	98804016	C	T	-0.0244	0.0201	0.225
5:98810402	rs331545	5	98810402	C	T	-0.0246	0.0201	0.2215
5:98913909	rs162150	5	98913909	T	C	0.0234	0.0199	0.2382
6:106189027	rs9386514	6	106189027	T	C	0.0431	0.0175	0.0135
6:107732160	rs12526696	6	107732160	G	A	-0.0097	0.0221	0.6621
6:107772453	rs17528372	6	107772453	A	G	0.0094	0.0184	0.6116
6:108595370	rs9480865	6	108595370	T	C	-0.0045	0.0223	0.8388
6:108641439	rs9480866	6	108641439	C	T	-0.0127	0.0222	0.5659
6:110397977	rs7740028	6	110397977	A	G	-0.0067	0.0147	0.6485
6:111189519	rs1150082	6	111189519	G	A	-0.0337	0.0181	0.06214
6:11509090	rs538827	6	11509090	C	T	0.0111	0.0163	0.496
6:116919430	rs1321366	6	116919430	G	A	0.0165	0.0155	0.2861
6:122400365	rs1741820	6	122400365	A	G	-0.0215	0.0146	0.1409
6:122423864	rs556439	6	122423864	A	G	-0.0261	0.0153	0.08807
6:122444760	rs487098	6	122444760	T	C	-0.0206	0.0146	0.1591
6:125299732	rs987168	6	125299732	T	C	-0.0346	0.024	0.1492
6:127100588	rs1936790	6	127100588	C	T	-0.0197	0.0166	0.2344
6:130076370	rs4548027	6	130076370	G	A	0.0019	0.0168	0.9117
6:131066884	rs9483210	6	131066884	C	T	-0.0126	0.0162	0.4353
6:132445598	rs10499186	6	132445598	G	A	0.0326	0.023	0.1556
6:134851207	rs1883225	6	134851207	G	A	-0.0474	0.0224	0.03416
6:134870937	rs9385708	6	134870937	C	T	0.0029	0.0153	0.8511
6:134929392	rs2064101	6	134929392	G	A	-0.0309	0.015	0.03914
6:135130442	rs1569534	6	135130442	C	T	0.0159	0.0166	0.3378
6:135131014	rs6569992	6	135131014	G	A	-0.005	0.0167	0.7645
6:136762000	rs932589	6	136762000	C	T	0.0149	0.0148	0.3126
6:136858249	rs2012700	6	136858249	G	A	-0.0085	0.0149	0.5694
6:13916909	rs7761500	6	13916909	G	A	0.0336	0.0152	0.0267
6:13934296	rs9475806	6	13934296	A	G	0.0336	0.0153	0.02764
6:139514552	rs668459	6	139514552	C	T	0.0158	0.0146	0.2811
6:139622610	rs9403095	6	139622610	A	C	-0.0188	0.0149	0.2061
6:144071249	rs763773	6	144071249	G	T	-0.005	0.0158	0.7502
6:151416996	rs3778608	6	151416996	A	G	0.002	0.015	0.8953
6:15170571	rs6935115	6	15170571	T	C	0.0119	0.0183	0.5154
6:156999927	rs10485201	6	156999927	G	A	0.0234	0.0153	0.1265
6:157676443	rs629218	6	157676443	G	T	0.0111	0.0155	0.4736
6:159044945	rs1738074	6	159044945	T	C	-0.0081	0.0148	0.5819
6:159069404	rs212388	6	159069404	C	T	0.0144	0.0155	0.3504
6:16252622	rs9396658	6	16252622	T	C	-0.0149	0.015	0.3211
6:16287961	rs6459467	6	16287961	G	A	-0.0057	0.0147	0.6954
6:164035684	rs2064793	6	164035684	A	G	-0.0084	0.0148	0.5687
6:164041153	rs9458973	6	164041153	T	C	-0.0053	0.0148	0.7221
6:164052587	rs672706	6	164052587	C	A	-0.0043	0.0148	0.7695
6:16743545	rs1150639	6	16743545	C	T	-0.0171	0.0225	0.4461
6:1986373	rs9503060	6	1986373	C	T	-0.0328	0.0153	0.0318
6:2479168	rs2325963	6	2479168	T	C	4e-04	0.0147	0.9756
6:2509209	rs1994124	6	2509209	C	T	0.0087	0.0147	0.5567
6:3143794	rs9405611	6	3143794	A	G	-0.0219	0.0158	0.1668
6:3367994	rs979306	6	3367994	C	T	-0.017	0.0156	0.275
6:3369036	rs9378365	6	3369036	T	C	-0.0164	0.0155	0.2886
6:3442754	rs17250853	6	3442754	G	T	-0.009	0.017	0.5951
6:3452740	rs9378798	6	3452740	A	G	-0.0232	0.0164	0.1555
6:40993003	rs12664909	6	40993003	C	T	-0.0015	0.0192	0.9382
6:41937537	rs3218097	6	41937537	G	A	0.0168	0.0172	0.3302
6:42019713	rs4711698	6	42019713	C	T	-0.0021	0.0166	0.8997
6:42054154	rs4236081	6	42054154	T	C	-0.0265	0.0149	0.07477
6:42085013	rs16895221	6	42085013	G	A	0.032	0.0245	0.1921
6:42538361	rs11755487	6	42538361	G	A	-0.0336	0.0174	0.053
6:43779840	rs3025010	6	43779840	T	C	-1e-04	0.0152	0.9968
6:43796814	rs1358980	6	43796814	C	T	-0.0236	0.0147	0.1069
6:43860836	rs9462935	6	43860836	C	T	-0.0115	0.0166	0.4895
6:44264337	rs730775	6	44264337	A	G	-0.0242	0.0151	0.1082
6:44573245	rs7764770	6	44573245	G	T	-0.0482	0.0293	0.1005
6:44609585	rs12526438	6	44609585	G	A	0.0174	0.0148	0.2397
6:46908506	rs1328957	6	46908506	C	T	0.0258	0.0189	0.1736
6:46916042	rs17470473	6	46916042	C	T	0.0086	0.0216	0.6902
6:47586441	rs9395285	6	47586441	G	A	0.0142	0.0182	0.4357
6:47612921	rs9349417	6	47612921	A	G	0.0163	0.0182	0.37
6:47659291	rs4711895	6	47659291	A	G	0.0122	0.0164	0.4574
6:52244938	rs10948689	6	52244938	T	C	-0.0183	0.0243	0.4519
6:52421159	rs9382107	6	52421159	C	T	0.0422	0.0297	0.1552
6:52792754	rs4715326	6	52792754	C	T	0.0099	0.0148	0.5004
6:52801475	rs6917325	6	52801475	T	C	0.0098	0.0148	0.5087
6:52843999	rs4715354	6	52843999	G	A	0.008	0.0147	0.5871
6:559576	rs3757114	6	559576	A	C	0.0139	0.0149	0.3499
6:6680277	rs3761986	6	6680277	T	C	0.0044	0.0148	0.7646
6:6905597	rs9502516	6	6905597	G	A	0.0066	0.0151	0.6633
6:6926177	rs2876048	6	6926177	C	T	0.0256	0.0176	0.1472
6:70618171	rs2691478	6	70618171	A	C	0.0073	0.0158	0.6422
6:70631177	rs9446284	6	70631177	C	T	0.0133	0.026	0.6107
6:7137130	rs1285879	6	7137130	T	C	0.0357	0.0164	0.02908
6:7176511	rs2326880	6	7176511	C	T	-0.0197	0.0198	0.3212
6:7211518	rs1334577	6	7211518	G	A	-0.0154	0.0168	0.3582
6:81697013	rs194876	6	81697013	T	C	0.0041	0.0183	0.8208
6:87105783	rs7774080	6	87105783	T	G	0.0042	0.0146	0.7737
6:87107187	rs4574603	6	87107187	C	T	0.0056	0.0146	0.6997
6:89094927	rs1929267	6	89094927	G	A	-0.0096	0.0147	0.5137
6:90104480	rs6454802	6	90104480	C	T	-0.0798	0.016	5.851e-07
6:90236760	rs4707609	6	90236760	T	C	-0.0819	0.0166	8.129e-07
6:90287050	rs12212193	6	90287050	A	G	-0.072	0.0155	3.46e-06
7:100512701	rs11761624	7	100512701	C	T	0.0251	0.0164	0.1255
7:100685638	rs221795	7	100685638	C	T	0.0034	0.0148	0.8185
7:100764052	rs2293767	7	100764052	G	A	0.0193	0.0156	0.2152
7:106696804	rs342240	7	106696804	G	A	-5e-04	0.0147	0.9708
7:113117807	rs2272260	7	113117807	G	A	-0.0031	0.0153	0.837
7:116560038	rs9920	7	116560038	T	C	-0.0032	0.0278	0.9088
7:116863435	rs3807999	7	116863435	G	A	0.0187	0.0181	0.3009
7:116894693	rs10953830	7	116894693	T	C	0.0149	0.0179	0.4055
7:123771169	rs4731120	7	123771169	A	C	0.0333	0.0223	0.1352
7:123792046	rs1395381	7	123792046	C	T	0.0335	0.0223	0.1328
7:127318574	rs7789922	7	127318574	T	C	0.015	0.0152	0.3258
7:127358156	rs6957320	7	127358156	C	T	0.0124	0.0153	0.4162
7:131067198	rs4510791	7	131067198	G	A	-0.0076	0.0161	0.635
7:134309900	rs722658	7	134309900	T	C	0.022	0.0149	0.139
7:134698032	rs4524734	7	134698032	C	T	-0.0015	0.016	0.9241
7:138195102	rs1552583	7	138195102	G	A	-0.0116	0.0161	0.4707
7:139102449	rs6945954	7	139102449	G	A	0.0387	0.0171	0.02337
7:13987932	rs7789916	7	13987932	G	A	-0.0093	0.017	0.5824
7:140532443	rs4726889	7	140532443	G	A	-0.0219	0.0147	0.1369
7:140533785	rs10254777	7	140533785	A	G	-0.023	0.0165	0.1631
7:143396731	rs2242601	7	143396731	G	A	-0.0142	0.0149	0.3394
7:149148681	rs13236754	7	149148681	G	A	0.0016	0.016	0.9179
7:149180645	rs3735311	7	149180645	T	C	-9e-04	0.016	0.9572
7:150520221	rs3735080	7	150520221	C	T	0.0153	0.0156	0.327
7:151710715	rs7805747	7	151710715	G	A	0.0149	0.0184	0.4183
7:152648922	rs3218536	7	152648922	C	T	-0.0404	0.0384	0.2922
7:16691417	rs696281	7	16691417	G	T	-0.0268	0.018	0.1367
7:17698407	rs10488472	7	17698407	G	A	-0.0017	0.0202	0.9347
7:17774053	rs2723520	7	17774053	C	T	-0.006	0.0146	0.6834
7:18160582	rs7788797	7	18160582	A	G	-0.0058	0.0183	0.7502
7:20398383	rs6979136	7	20398383	G	A	-0.0251	0.0258	0.3298
7:20466724	rs11971231	7	20466724	C	T	-0.014	0.0154	0.3653
7:22718943	rs7805828	7	22718943	G	A	0.0186	0.016	0.2451
7:2756323	rs798497	7	2756323	A	G	-0.0358	0.0152	0.01877
7:28239624	rs4722771	7	28239624	G	A	0.0012	0.0148	0.937
7:2834014	rs1182179	7	2834014	A	G	-0.0341	0.0152	0.02488
7:28677231	rs41348	7	28677231	A	G	-0.0143	0.0152	0.3475
7:30473543	rs932272	7	30473543	G	A	0.0134	0.0149	0.3677
7:3082195	rs6952343	7	3082195	A	C	-0.0107	0.0166	0.5219
7:32869092	rs1045477	7	32869092	T	C	-0.0091	0.0151	0.5454
7:32913683	rs3956705	7	32913683	C	T	-0.0072	0.0151	0.6326
7:36045300	rs2700936	7	36045300	T	G	0.0246	0.0148	0.09618
7:37397251	rs11984075	7	37397251	A	G	0.0263	0.0223	0.2392
7:39932526	rs10243593	7	39932526	G	A	-0.0205	0.0147	0.1617
7:40878471	rs7801303	7	40878471	A	G	-0.0032	0.0153	0.8324
7:44768492	rs1050331	7	44768492	T	G	-0.0013	0.0147	0.9288
7:44774573	rs13231886	7	44774573	G	A	0.0078	0.0147	0.5972
7:45092254	rs11765226	7	45092254	T	C	-0.0471	0.0228	0.0389
7:45116289	rs10258996	7	45116289	A	G	-0.0389	0.0228	0.08748
7:48088999	rs7459020	7	48088999	G	A	0.0171	0.0147	0.2451
7:50230418	rs2124799	7	50230418	C	T	0.013	0.0163	0.4257
7:50264865	rs1456896	7	50264865	C	T	0.0155	0.0161	0.3357
7:50368079	rs12669559	7	50368079	T	G	-0.0101	0.0166	0.5436
7:5191997	rs6463311	7	5191997	G	A	-0.0295	0.0179	0.09843
7:55092845	rs4947490	7	55092845	A	G	0.0051	0.0154	0.7376
7:5532501	rs852392	7	5532501	G	A	0.0204	0.0215	0.3417
7:6505060	rs2881698	7	6505060	C	T	0.0194	0.0175	0.269
7:73450539	rs714052	7	73450539	A	G	0.0063	0.0221	0.777
7:73575060	rs11974409	7	73575060	A	G	-4e-04	0.0192	0.9834
7:75813412	rs2302006	7	75813412	T	G	-0.0172	0.0199	0.3874
7:80589645	rs6961069	7	80589645	C	T	-0.0109	0.0149	0.4612
7:80676955	rs7755	7	80676955	G	A	-0.0228	0.0147	0.1219
7:8092198	rs17401720	7	8092198	A	G	-0.0333	0.0257	0.1962
7:854390	rs9791614	7	854390	G	A	-0.0175	0.0214	0.4124
7:92606850	rs8179	7	92606850	T	C	-0.0196	0.0179	0.2741
7:93082888	rs13231494	7	93082888	A	C	-0.0059	0.0194	0.7603
7:99194269	rs7788790	7	99194269	C	T	-0.0087	0.0278	0.7551
8:101001369	rs2053931	8	101001369	A	G	-0.0044	0.0148	0.768
8:101455478	rs618854	8	101455478	C	T	-9e-04	0.0146	0.9534
8:102245711	rs2853233	8	102245711	A	C	-0.0385	0.0148	0.009071
8:102296172	rs7840202	8	102296172	A	C	-0.0201	0.0173	0.2438
8:102361076	rs10090707	8	102361076	A	G	-0.0165	0.019	0.3852
8:102825684	rs974759	8	102825684	C	T	-0.0128	0.0147	0.3852
8:102830804	rs1434235	8	102830804	A	G	-0.0128	0.0147	0.3852
8:102913808	rs581610	8	102913808	G	A	-0.019	0.0168	0.259
8:10391970	rs17765901	8	10391970	G	T	-0.0157	0.0149	0.2908
8:105542509	rs4734875	8	105542509	T	C	0.0142	0.0181	0.4348
8:105579917	rs16873418	8	105579917	A	G	0.0018	0.0169	0.9145
8:10606434	rs7816990	8	10606434	A	C	-0.0389	0.017	0.02221
8:107410718	rs892248	8	107410718	G	A	0.0056	0.0185	0.7625
8:10798927	rs11250077	8	10798927	T	C	-0.0301	0.0147	0.04109
8:10930102	rs4240673	8	10930102	T	C	-0.0428	0.0148	0.003808
8:11539347	rs2409784	8	11539347	A	C	0.019	0.015	0.2029
8:115607129	rs997806	8	115607129	C	T	0.0166	0.016	0.301
8:115648138	rs2737247	8	115648138	A	G	-0.0213	0.0149	0.1516
8:115649647	rs2737250	8	115649647	A	G	-0.017	0.0148	0.249
8:11578055	rs2409798	8	11578055	C	T	-0.0269	0.0149	0.07069
8:118963350	rs1564859	8	118963350	G	A	0.0047	0.016	0.7676
8:11974439	rs7461062	8	11974439	T	C	0.0238	0.015	0.113
8:11979113	rs7823808	8	11979113	C	T	0.0269	0.0152	0.07727
8:125467073	rs6982636	8	125467073	G	A	-0.0255	0.0146	0.08203
8:125476008	rs2980869	8	125476008	C	T	-0.0255	0.0146	0.08215
8:125483576	rs10808546	8	125483576	C	T	-0.0244	0.0148	0.09871
8:125504746	rs4512391	8	125504746	T	C	0.0506	0.0165	0.002185
8:127935721	rs4733582	8	127935721	G	A	-0.0255	0.0151	0.09102
8:127994961	rs10956403	8	127994961	A	G	-0.0383	0.0155	0.01331
8:129587001	rs7840212	8	129587001	C	T	-0.003	0.0161	0.8502
8:129594230	rs1865223	8	129594230	G	T	0.0187	0.0148	0.2076
8:129963828	rs16904181	8	129963828	G	A	-4e-04	0.0187	0.9845
8:130318766	rs1158569	8	130318766	A	C	-0.0107	0.0147	0.4683
8:134719335	rs9969668	8	134719335	G	A	0.0088	0.0227	0.6997
8:140703675	rs10109684	8	140703675	G	A	0.0204	0.0176	0.2461
8:143611669	rs2045084	8	143611669	C	T	0.0175	0.0151	0.2473
8:143900795	rs7831595	8	143900795	G	A	0.0049	0.0148	0.739
8:143902404	rs4077669	8	143902404	A	G	0.0084	0.0149	0.5723
8:143918694	rs7819099	8	143918694	A	G	0.0066	0.0149	0.6572
8:143919156	rs6984820	8	143919156	C	T	0.0071	0.0149	0.6355
8:144451628	rs2721195	8	144451628	T	C	-0.0089	0.0148	0.5472
8:19162433	rs2672275	8	19162433	A	G	0.0151	0.0155	0.3303
8:19962894	rs331	8	19962894	G	A	-0.0357	0.0169	0.03494
8:19973410	rs10096633	8	19973410	C	T	-0.0318	0.0248	0.1999
8:20007664	rs2083637	8	20007664	A	G	-0.0333	0.0169	0.04904
8:21992055	rs17296501	8	21992055	C	T	0.0178	0.0209	0.3947
8:23080343	rs4268128	8	23080343	G	A	-0.0241	0.0174	0.166
8:23519648	rs11784090	8	23519648	C	T	-0.0059	0.026	0.8198
8:23547272	rs2280861	8	23547272	A	G	-0.0085	0.0165	0.6062
8:23557230	rs13254494	8	23557230	C	T	-0.0083	0.015	0.5801
8:23620468	rs4872167	8	23620468	G	A	0.0119	0.0153	0.4372
8:25386810	rs1567124	8	25386810	C	A	-0.0079	0.0155	0.6097
8:26346573	rs7012604	8	26346573	G	A	0.0139	0.0178	0.4343
8:26405744	rs7813520	8	26405744	C	T	0.0109	0.0172	0.5274
8:27451068	rs751019	8	27451068	A	C	-0.0065	0.0146	0.6575
8:30423317	rs2979489	8	30423317	G	A	0.0188	0.0161	0.2437
8:40179107	rs2980817	8	40179107	A	G	0.007	0.0149	0.6355
8:41750197	rs488758	8	41750197	G	A	-0.0134	0.0164	0.4119
8:41796940	rs10099197	8	41796940	C	T	-0.0065	0.0165	0.692
8:41801405	rs1579274	8	41801405	T	G	-0.0081	0.0164	0.6208
8:41817007	rs17662607	8	41817007	G	A	0.011	0.0198	0.5787
8:42496739	rs7818789	8	42496739	C	T	0.0048	0.015	0.7489
8:42553340	rs2974352	8	42553340	C	T	-0.0091	0.0151	0.5489
8:42591095	rs2356610	8	42591095	T	G	-0.0123	0.0153	0.4227
8:47829009	rs4521758	8	47829009	C	T	0.0245	0.024	0.3081
8:55848060	rs12676220	8	55848060	T	C	0.0066	0.0147	0.6521
8:55878302	rs182832	8	55878302	T	G	-0.0144	0.0195	0.4581
8:55912826	rs1397976	8	55912826	T	C	0.0069	0.0163	0.6693
8:55985392	rs2667978	8	55985392	A	G	-0.0218	0.0196	0.2682
8:5687469	rs7817815	8	5687469	T	C	-0.0081	0.0227	0.7202
8:60739585	rs4288413	8	60739585	G	A	-0.0237	0.0151	0.1169
8:60783672	rs13255052	8	60783672	G	T	0.0466	0.0211	0.02754
8:65998986	rs2357566	8	65998986	C	T	-0.0286	0.0162	0.07692
8:67867072	rs7826474	8	67867072	A	C	0.0211	0.0162	0.1933
8:67884204	rs4284034	8	67884204	T	C	0.0221	0.0146	0.1304
8:6839928	rs2977798	8	6839928	C	T	0.0216	0.0147	0.1402
8:6852283	rs2977795	8	6852283	G	A	0.0184	0.0147	0.209
8:6852980	rs2951863	8	6852980	A	C	0.0175	0.0147	0.2344
8:6855221	rs4840641	8	6855221	T	C	0.0225	0.0147	0.1253
8:6964095	rs2738058	8	6964095	T	C	-0.0033	0.0147	0.8229
8:7023403	rs7826487	8	7023403	A	G	0.0384	0.0288	0.1819
8:7052132	rs9644778	8	7052132	A	C	0.0058	0.0157	0.7131
8:71601993	rs12679556	8	71601993	T	G	0.0063	0.017	0.7122
8:73935525	rs11787158	8	73935525	T	C	-0.0249	0.0151	0.09959
8:78134460	rs6995312	8	78134460	C	A	0.0031	0.0206	0.8807
8:78659987	rs1384804	8	78659987	C	A	0.0221	0.0165	0.1807
8:78675620	rs3736169	8	78675620	A	G	0.0228	0.0165	0.1663
8:78729534	rs1441438	8	78729534	G	A	-0.0229	0.0165	0.1651
8:80859226	rs1199028	8	80859226	A	C	-0.0104	0.0164	0.5271
8:8252414	rs2945230	8	8252414	A	G	0.0273	0.015	0.06962
8:8453413	rs876954	8	8453413	G	A	0.0249	0.0148	0.09204
8:85343669	rs1496530	8	85343669	C	T	0.0041	0.0157	0.7952
8:85355963	rs1532424	8	85355963	G	T	0.0115	0.0155	0.4591
8:9003384	rs2288671	8	9003384	T	C	-0.0032	0.0147	0.8294
8:9088653	rs4841097	8	9088653	G	A	0.0249	0.0155	0.1081
8:9133067	rs189798	8	9133067	A	G	-0.0387	0.0172	0.0247
8:95015952	rs2678829	8	95015952	C	T	-0.0029	0.0169	0.8622
8:97627834	rs1031868	8	97627834	A	G	-0.0324	0.0238	0.1736
9:107749127	rs7042939	9	107749127	A	G	-0.0047	0.0146	0.7489
9:107769215	rs10759257	9	107769215	T	C	0.0022	0.0147	0.8839
9:110880366	rs576559	9	110880366	T	C	0.0088	0.0154	0.5691
9:111069565	rs10980720	9	111069565	C	A	0.0063	0.0165	0.7041
9:111130683	rs1411424	9	111130683	G	A	0.0148	0.0146	0.3104
9:111196071	rs2039183	9	111196071	C	A	-0.001	0.0176	0.9547
9:114931904	rs3181348	9	114931904	G	A	-0.0179	0.0146	0.2208
9:120927961	rs3761847	9	120927961	G	A	-0.0301	0.0146	0.03993
9:124247835	rs4838140	9	124247835	T	C	0.0086	0.019	0.6523
9:124430628	rs928549	9	124430628	A	G	-0.0155	0.0168	0.3583
9:127774438	rs10760500	9	127774438	G	A	-0.015	0.0146	0.3042
9:127860667	rs4837197	9	127860667	T	C	0.0013	0.0197	0.948
9:129112362	rs7849270	9	129112362	A	G	-0.0108	0.0174	0.5364
9:129142898	rs2254230	9	129142898	T	G	0.0106	0.0174	0.5446
9:129157902	rs9697030	9	129157902	T	C	-0.0105	0.0173	0.5462
9:130697297	rs2269337	9	130697297	G	A	-0.0225	0.0175	0.1989
9:132980381	rs685783	9	132980381	C	T	0.0171	0.024	0.4773
9:132990109	rs8193003	9	132990109	T	C	0.0098	0.0148	0.5084
9:133255801	rs8176749	9	133255801	C	T	-0.0299	0.0213	0.162
9:133255935	rs8176746	9	133255935	G	T	-0.0292	0.0214	0.1714
9:134027401	rs408307	9	134027401	C	T	0.0133	0.015	0.3755
9:134028745	rs410876	9	134028745	C	A	0.0134	0.015	0.3736
9:134092186	rs11787841	9	134092186	G	A	-0.0171	0.0179	0.3385
9:134210627	rs7874315	9	134210627	C	T	-0.0151	0.0189	0.4243
9:136474501	rs3812594	9	136474501	G	A	0.0143	0.0169	0.3972
9:137036493	rs7047770	9	137036493	G	A	5e-04	0.0152	0.9749
9:137039568	rs6605	9	137039568	G	A	0.0067	0.0168	0.6891
9:14014817	rs10961330	9	14014817	A	G	0.0089	0.0159	0.5769
9:16904848	rs7033354	9	16904848	C	T	-0.0074	0.015	0.6215
9:20527697	rs10757135	9	20527697	C	T	-0.0022	0.0161	0.8904
9:20569815	rs10964620	9	20569815	G	A	0.0013	0.0165	0.9371
9:21973423	rs2811708	9	21973423	G	T	-0.032	0.0176	0.06912
9:22145695	rs2065500	9	22145695	A	G	0.026	0.0198	0.1899
9:244457	rs661356	9	244457	G	A	0.0089	0.0147	0.5429
9:274433	rs13287938	9	274433	C	T	0.001	0.0299	0.9729
9:286491	rs3209441	9	286491	G	A	-0.0092	0.0224	0.6804
9:307266	rs4741775	9	307266	A	G	-2e-04	0.0182	0.9896
9:32432567	rs1556138	9	32432567	C	T	-0.0159	0.0156	0.3078
9:33914310	rs2196	9	33914310	T	C	0.0054	0.0152	0.7225
9:34085861	rs7036030	9	34085861	C	T	0.0019	0.0183	0.9195
9:35712006	rs2295795	9	35712006	G	A	0.0083	0.0171	0.6287
9:38199824	rs2810747	9	38199824	G	A	0.0073	0.0147	0.619
9:4125010	rs11791726	9	4125010	A	G	0.0147	0.0159	0.3549
9:4145340	rs9298995	9	4145340	G	A	0.0185	0.0162	0.252
9:4844265	rs2236496	9	4844265	T	C	0.0047	0.0176	0.792
9:4845520	rs10815094	9	4845520	A	G	0.0049	0.0176	0.7832
9:5000811	rs12347727	9	5000811	A	G	0.0053	0.0153	0.7284
9:5854323	rs9299022	9	5854323	A	G	-0.0237	0.0149	0.1105
9:5857998	rs6477007	9	5857998	G	A	-0.0231	0.0148	0.1198
9:6161686	rs10124250	9	6161686	C	T	0.0522	0.0149	0.000444
9:6163823	rs10119713	9	6163823	G	A	0.0523	0.0149	0.0004257
9:70455669	rs13299473	9	70455669	T	G	0.0255	0.0154	0.09834
9:70498890	rs915488	9	70498890	A	G	0.0296	0.0165	0.07384
9:74465564	rs1158056	9	74465564	C	A	0.0066	0.016	0.6815
9:77179837	rs4012480	9	77179837	G	T	-0.0137	0.0193	0.4777
9:79585338	rs2807301	9	79585338	T	C	-0.0138	0.0154	0.3687
9:79665447	rs4877146	9	79665447	C	T	0.0077	0.0155	0.6208
9:81587311	rs2796462	9	81587311	A	G	-0.0027	0.018	0.8821
9:82502505	rs955975	9	82502505	G	A	-0.0079	0.0191	0.6786
9:83882419	rs13290882	9	83882419	G	A	0.0026	0.0168	0.879
9:84002350	rs1982151	9	84002350	A	G	0.003	0.0167	0.8588
9:88845333	rs2174057	9	88845333	C	T	-0.0146	0.0148	0.3217
9:88920316	rs6559311	9	88920316	A	C	0.0022	0.0147	0.883
9:90799168	rs290991	9	90799168	G	T	0.0058	0.0148	0.6952
9:91261293	rs10991853	9	91261293	A	G	0.0122	0.0169	0.4699
9:93404100	rs4744239	9	93404100	C	T	0.0246	0.0147	0.09404
9:94565893	rs540124	9	94565893	A	G	0.0288	0.015	0.05542
9:96551730	rs12004815	9	96551730	C	T	-0.0235	0.016	0.1409
9:97977842	rs4743150	9	97977842	C	T	-0.0101	0.018	0.5738
9:98020413	rs874610	9	98020413	G	T	-0.0106	0.0181	0.5575
